{"mean":{"confidence_interval":{"confidence_level":0.95,"lower_bound":-0.007244678514779515,"upper_bound":-0.005222372314664548},"point_estimate":-0.006203521726707795,"standard_error":0.0005148482226905522},"median":{"confidence_interval":{"confidence_level":0.95,"lower_bound":-0.006062603665370481,"upper_bound":-0.0043295981296649355},"point_estimate":-0.005210400814650296,"standard_error":0.00042823553596914624}}