{"mean":{"confidence_interval":{"confidence_level":0.95,"lower_bound":130587253.22225,"upper_bound":130711282.351375},"point_estimate":130643300.62,"standard_error":32074.69955499426},"median":{"confidence_interval":{"confidence_level":0.95,"lower_bound":130560539.0,"upper_bound":130596354.0},"point_estimate":130575642.0,"standard_error":9460.970304761273},"median_abs_dev":{"confidence_interval":{"confidence_level":0.95,"lower_bound":66355.98572194576,"upper_bound":113880.35722821951},"point_estimate":90635.78419089317,"standard_error":12053.426508856435},"slope":null,"std_dev":{"confidence_interval":{"confidence_level":0.95,"lower_bound":155842.35449803184,"upper_bound":446616.9995424431},"point_estimate":321937.20316150977,"standard_error":74460.7122242717}}