{"mean":{"confidence_interval":{"confidence_level":0.95,"lower_bound":222317201.48175,"upper_bound":222643917.07975},"point_estimate":222460455.55,"standard_error":84114.863776273},"median":{"confidence_interval":{"confidence_level":0.95,"lower_bound":222190511.5,"upper_bound":222341163.0},"point_estimate":222272899.0,"standard_error":38936.346777072205},"median_abs_dev":{"confidence_interval":{"confidence_level":0.95,"lower_bound":215438.08477520943,"upper_bound":405721.6370970011},"point_estimate":294033.6745798588,"standard_error":52225.266171529845},"slope":null,"std_dev":{"confidence_interval":{"confidence_level":0.95,"lower_bound":350516.83904208016,"upper_bound":1248714.059576495},"point_estimate":847459.420104709,"standard_error":234182.02414136787}}