{"mean":{"confidence_interval":{"confidence_level":0.95,"lower_bound":223174098.482,"upper_bound":223617608.626},"point_estimate":223362863.53,"standard_error":114221.6673390398},"median":{"confidence_interval":{"confidence_level":0.95,"lower_bound":223107068.0,"upper_bound":223395565.0},"point_estimate":223258830.5,"standard_error":74619.07762421173},"median_abs_dev":{"confidence_interval":{"confidence_level":0.95,"lower_bound":420144.3696409464,"upper_bound":732799.4998902082},"point_estimate":545209.0904206038,"standard_error":82956.71282261035},"slope":null,"std_dev":{"confidence_interval":{"confidence_level":0.95,"lower_bound":543078.5687798134,"upper_bound":1789880.1552074535},"point_estimate":1146599.0554127647,"standard_error":400817.3086678146}}