{"mean":{"confidence_interval":{"confidence_level":0.95,"lower_bound":245329949.43825,"upper_bound":247469142.7405},"point_estimate":246351818.52,"standard_error":546199.1264099547},"median":{"confidence_interval":{"confidence_level":0.95,"lower_bound":243644753.5,"upper_bound":245472925.5},"point_estimate":244428876.5,"standard_error":487225.22397876624},"median_abs_dev":{"confidence_interval":{"confidence_level":0.95,"lower_bound":2457943.1923627853,"upper_bound":4640814.422509074},"point_estimate":3544585.9323710203,"standard_error":525511.5925032862},"slope":null,"std_dev":{"confidence_interval":{"confidence_level":0.95,"lower_bound":4151952.8899558564,"upper_bound":6842583.476953277},"point_estimate":5462119.304257419,"standard_error":703851.3004774456}}