{"mean":{"confidence_interval":{"confidence_level":0.95,"lower_bound":190786930.06075,"upper_bound":191385370.13475},"point_estimate":191069309.53,"standard_error":153112.82369822808},"median":{"confidence_interval":{"confidence_level":0.95,"lower_bound":190425967.5,"upper_bound":190567249.75},"point_estimate":190487309.5,"standard_error":37422.027673955134},"median_abs_dev":{"confidence_interval":{"confidence_level":0.95,"lower_bound":236686.374012977,"upper_bound":387290.3248742223},"point_estimate":302509.6986293793,"standard_error":35727.35235400607},"slope":null,"std_dev":{"confidence_interval":{"confidence_level":0.95,"lower_bound":1101538.1479405244,"upper_bound":1886648.9659216048},"point_estimate":1534621.0064428526,"standard_error":200884.29861823897}}