{"mean":{"confidence_interval":{"confidence_level":0.95,"lower_bound":-0.010313919449261485,"upper_bound":-0.005008402780116472},"point_estimate":-0.007575192748425219,"standard_error":0.0013558955966383396},"median":{"confidence_interval":{"confidence_level":0.95,"lower_bound":-0.005477421981157304,"upper_bound":-0.002677267220821955},"point_estimate":-0.0038621675785202036,"standard_error":0.0006686295822991635}}