{"mean":{"confidence_interval":{"confidence_level":0.95,"lower_bound":16752516.255499996,"upper_bound":16764418.281958332},"point_estimate":16757355.964999998,"standard_error":3106.6765750004793},"median":{"confidence_interval":{"confidence_level":0.95,"lower_bound":16750869.666666666,"upper_bound":16754748.083333334},"point_estimate":16752373.416666668,"standard_error":1017.8416847535394},"median_abs_dev":{"confidence_interval":{"confidence_level":0.95,"lower_bound":6598.681832849979,"upper_bound":11052.603656278383},"point_estimate":9128.244487941725,"standard_error":1132.8998166282797},"slope":null,"std_dev":{"confidence_interval":{"confidence_level":0.95,"lower_bound":9656.881827816504,"upper_bound":50708.476038272565},"point_estimate":31370.78490193141,"standard_error":12504.699779462078}}