{"mean":{"confidence_interval":{"confidence_level":0.95,"lower_bound":247666897.193,"upper_bound":247842871.15850002},"point_estimate":247750653.36,"standard_error":44874.019902880034},"median":{"confidence_interval":{"confidence_level":0.95,"lower_bound":247663866.0,"upper_bound":247850928.0},"point_estimate":247780913.0,"standard_error":46675.029507664665},"median_abs_dev":{"confidence_interval":{"confidence_level":0.95,"lower_bound":253847.80229330063,"upper_bound":457957.34066963196},"point_estimate":370103.65532934666,"standard_error":52160.84359595473},"slope":null,"std_dev":{"confidence_interval":{"confidence_level":0.95,"lower_bound":324748.18211111263,"upper_bound":573139.9011629818},"point_estimate":449409.4838333116,"standard_error":64546.54443698359}}