{"mean":{"confidence_interval":{"confidence_level":0.95,"lower_bound":73544000.93275,"upper_bound":75890807.54475002},"point_estimate":74634120.38000001,"standard_error":598780.9609282812},"median":{"confidence_interval":{"confidence_level":0.95,"lower_bound":72101724.66666667,"upper_bound":73112787.33333333},"point_estimate":72338277.16666667,"standard_error":268419.4305194506},"median_abs_dev":{"confidence_interval":{"confidence_level":0.95,"lower_bound":1068710.4462265894,"upper_bound":2491902.1756473915},"point_estimate":1467972.3952382728,"standard_error":371205.5262698346},"slope":null,"std_dev":{"confidence_interval":{"confidence_level":0.95,"lower_bound":3799481.6872430635,"upper_bound":7776213.0783784315},"point_estimate":6000379.733828019,"standard_error":1017270.5982479219}}