{"mean":{"confidence_interval":{"confidence_level":0.95,"lower_bound":100302075.646375,"upper_bound":100513367.255},"point_estimate":100407783.41,"standard_error":53808.591479168805},"median":{"confidence_interval":{"confidence_level":0.95,"lower_bound":100397877.0,"upper_bound":100640469.75},"point_estimate":100517313.0,"standard_error":60027.42964186081},"median_abs_dev":{"confidence_interval":{"confidence_level":0.95,"lower_bound":271753.16217541695,"upper_bound":535345.3527957201},"point_estimate":403606.70823454857,"standard_error":66204.61335660436},"slope":null,"std_dev":{"confidence_interval":{"confidence_level":0.95,"lower_bound":451439.88389138243,"upper_bound":620721.5435474501},"point_estimate":540193.0110256159,"standard_error":43176.2742058514}}