{"mean":{"confidence_interval":{"confidence_level":0.95,"lower_bound":171874934.86425,"upper_bound":172551864.36087498},"point_estimate":172210009.695,"standard_error":172903.53458107804},"median":{"confidence_interval":{"confidence_level":0.95,"lower_bound":171818374.5,"upper_bound":172590071.25},"point_estimate":172153183.0,"standard_error":235027.56598892022},"median_abs_dev":{"confidence_interval":{"confidence_level":0.95,"lower_bound":1292890.9288465977,"upper_bound":2347395.7198753953},"point_estimate":1838616.7053580284,"standard_error":278585.0286998821},"slope":null,"std_dev":{"confidence_interval":{"confidence_level":0.95,"lower_bound":1504131.6455961466,"upper_bound":1952440.331103885},"point_estimate":1740390.459587257,"standard_error":114748.60361298376}}