{"mean":{"confidence_interval":{"confidence_level":0.95,"lower_bound":172883342.938,"upper_bound":173244755.80075},"point_estimate":173062614.705,"standard_error":92146.6858724552},"median":{"confidence_interval":{"confidence_level":0.95,"lower_bound":172604192.5,"upper_bound":173290865.75},"point_estimate":172994244.0,"standard_error":178808.8998745698},"median_abs_dev":{"confidence_interval":{"confidence_level":0.95,"lower_bound":801721.8661665916,"upper_bound":1222109.011553228},"point_estimate":1084313.9460995793,"standard_error":106593.16595361462},"slope":null,"std_dev":{"confidence_interval":{"confidence_level":0.95,"lower_bound":811238.289242623,"upper_bound":1033604.28270021},"point_estimate":928490.1202930316,"standard_error":56700.72930072046}}