{"mean":{"confidence_interval":{"confidence_level":0.95,"lower_bound":155377973.2685,"upper_bound":155919495.56275},"point_estimate":155635873.945,"standard_error":138064.36711625173},"median":{"confidence_interval":{"confidence_level":0.95,"lower_bound":155177601.5,"upper_bound":155674750.0},"point_estimate":155421885.0,"standard_error":129082.2930796849},"median_abs_dev":{"confidence_interval":{"confidence_level":0.95,"lower_bound":802787.4848976731,"upper_bound":1357233.1731542945},"point_estimate":1035913.728658855,"standard_error":137334.16513392402},"slope":null,"std_dev":{"confidence_interval":{"confidence_level":0.95,"lower_bound":1002528.0912131964,"upper_bound":1751565.4979932203},"point_estimate":1387793.9337795298,"standard_error":192527.08751361858}}