{"mean":{"confidence_interval":{"confidence_level":0.95,"lower_bound":177826110.773625,"upper_bound":178817592.79175},"point_estimate":178308085.51,"standard_error":252979.6332238272},"median":{"confidence_interval":{"confidence_level":0.95,"lower_bound":177201331.0,"upper_bound":178338322.0},"point_estimate":177798105.25,"standard_error":287199.33662862686},"median_abs_dev":{"confidence_interval":{"confidence_level":0.95,"lower_bound":1499619.8507264256,"upper_bound":2637447.501575947},"point_estimate":2091093.8439756632,"standard_error":286800.63308205863},"slope":null,"std_dev":{"confidence_interval":{"confidence_level":0.95,"lower_bound":2072749.5753608032,"upper_bound":2956334.539784448},"point_estimate":2538670.4480301696,"standard_error":225480.07440692175}}