{"mean":{"confidence_interval":{"confidence_level":0.95,"lower_bound":0.0022313705240094186,"upper_bound":0.0033715906560311867},"point_estimate":0.002764743825125482,"standard_error":0.0002904781080605533},"median":{"confidence_interval":{"confidence_level":0.95,"lower_bound":0.0018696588303992456,"upper_bound":0.003187948660195588},"point_estimate":0.0025681218263924332,"standard_error":0.00031544354401767606}}