{"mean":{"confidence_interval":{"confidence_level":0.95,"lower_bound":116921612.326875,"upper_bound":117012524.237},"point_estimate":116963406.42,"standard_error":23139.62680255145},"median":{"confidence_interval":{"confidence_level":0.95,"lower_bound":116911683.0,"upper_bound":117002919.5},"point_estimate":116963584.0,"standard_error":22912.20234265247},"median_abs_dev":{"confidence_interval":{"confidence_level":0.95,"lower_bound":122559.86812412739,"upper_bound":194940.76948910952},"point_estimate":151635.87750792503,"standard_error":18219.911297540766},"slope":null,"std_dev":{"confidence_interval":{"confidence_level":0.95,"lower_bound":145378.00775277952,"upper_bound":332836.0236075956},"point_estimate":231692.50185086424,"standard_error":55464.19286686662}}