{"mean":{"confidence_interval":{"confidence_level":0.95,"lower_bound":427058212.16625,"upper_bound":427456239.3975},"point_estimate":427247595.63,"standard_error":101647.94645964717},"median":{"confidence_interval":{"confidence_level":0.95,"lower_bound":426938987.5625,"upper_bound":427226419.5},"point_estimate":427119412.0,"standard_error":75105.60982024731},"median_abs_dev":{"confidence_interval":{"confidence_level":0.95,"lower_bound":447417.53745675087,"upper_bound":878366.1320158836},"point_estimate":687962.7114862204,"standard_error":112730.74930017524},"slope":null,"std_dev":{"confidence_interval":{"confidence_level":0.95,"lower_bound":750559.3915614741,"upper_bound":1288455.2174014228},"point_estimate":1018710.8762000811,"standard_error":139494.3433151739}}