{"mean":{"confidence_interval":{"confidence_level":0.95,"lower_bound":254364299.8985,"upper_bound":256558404.2475},"point_estimate":255411388.47,"standard_error":560326.1953965502},"median":{"confidence_interval":{"confidence_level":0.95,"lower_bound":252553332.5,"upper_bound":253947747.0},"point_estimate":253312211.5,"standard_error":339733.78446484276},"median_abs_dev":{"confidence_interval":{"confidence_level":0.95,"lower_bound":1943000.6391048431,"upper_bound":3844630.067244172},"point_estimate":2833986.1431866884,"standard_error":473603.15104324586},"slope":null,"std_dev":{"confidence_interval":{"confidence_level":0.95,"lower_bound":4355026.303593775,"upper_bound":6720320.423538386},"point_estimate":5636726.633482056,"standard_error":605521.0568545648}}