{"mean":{"confidence_interval":{"confidence_level":0.95,"lower_bound":232393860.73125002,"upper_bound":232860109.027},"point_estimate":232596065.4,"standard_error":120062.50532290182},"median":{"confidence_interval":{"confidence_level":0.95,"lower_bound":232288025.0,"upper_bound":232529992.0},"point_estimate":232395307.0,"standard_error":57430.65865871445},"median_abs_dev":{"confidence_interval":{"confidence_level":0.95,"lower_bound":436153.817741722,"upper_bound":743946.4277923107},"point_estimate":589210.4337394238,"standard_error":78748.495517234},"slope":null,"std_dev":{"confidence_interval":{"confidence_level":0.95,"lower_bound":536199.5992871096,"upper_bound":1843925.0762708555},"point_estimate":1208242.7658894556,"standard_error":371888.26574710023}}