{"mean":{"confidence_interval":{"confidence_level":0.95,"lower_bound":5646220.792965146,"upper_bound":5648400.614284234},"point_estimate":5647293.15716294,"standard_error":556.5802781652128},"median":{"confidence_interval":{"confidence_level":0.95,"lower_bound":5646379.168103448,"upper_bound":5647922.5},"point_estimate":5647133.681238616,"standard_error":344.5115192727364},"median_abs_dev":{"confidence_interval":{"confidence_level":0.95,"lower_bound":2399.2174074053764,"upper_bound":4268.926541287953},"point_estimate":3382.975439940476,"standard_error":511.9762404575955},"slope":{"confidence_interval":{"confidence_level":0.95,"lower_bound":5646242.451571532,"upper_bound":5647456.871302545},"point_estimate":5646834.446058814,"standard_error":309.736377248963},"std_dev":{"confidence_interval":{"confidence_level":0.95,"lower_bound":4114.658848318563,"upper_bound":7060.358868466983},"point_estimate":5595.300542047909,"standard_error":756.797566491953}}