{"mean":{"confidence_interval":{"confidence_level":0.95,"lower_bound":42620405.713999994,"upper_bound":42648563.8815},"point_estimate":42632091.82799999,"standard_error":7354.048561899533},"median":{"confidence_interval":{"confidence_level":0.95,"lower_bound":42618297.4,"upper_bound":42628519.0},"point_estimate":42622304.5,"standard_error":2174.4219123406274},"median_abs_dev":{"confidence_interval":{"confidence_level":0.95,"lower_bound":16170.717912912369,"upper_bound":23798.724429488066},"point_estimate":20129.55636262783,"standard_error":1964.8936635210398},"slope":null,"std_dev":{"confidence_interval":{"confidence_level":0.95,"lower_bound":20350.483489804177,"upper_bound":117396.13514253234},"point_estimate":73785.57390823257,"standard_error":27181.118243345525}}