{"mean":{"confidence_interval":{"confidence_level":0.95,"lower_bound":8142459.02419,"upper_bound":8376034.043800002},"point_estimate":8253220.9864,"standard_error":59572.16942669936},"median":{"confidence_interval":{"confidence_level":0.95,"lower_bound":7881484.92,"upper_bound":8172500.12},"point_estimate":7914191.42,"standard_error":84799.64664003834},"median_abs_dev":{"confidence_interval":{"confidence_level":0.95,"lower_bound":92070.5258374224,"upper_bound":497464.3007762433},"point_estimate":155634.9240689275,"standard_error":112597.93919371114},"slope":null,"std_dev":{"confidence_interval":{"confidence_level":0.95,"lower_bound":427758.7654281459,"upper_bound":749876.4599489737},"point_estimate":596818.4463460541,"standard_error":82135.45726869581}}