{"mean":{"confidence_interval":{"confidence_level":0.95,"lower_bound":8351834.848510001,"upper_bound":8410676.09434},"point_estimate":8379050.654400003,"standard_error":15017.66264170613},"median":{"confidence_interval":{"confidence_level":0.95,"lower_bound":8333663.6,"upper_bound":8371835.98},"point_estimate":8345142.0600000005,"standard_error":8101.2999091257225},"median_abs_dev":{"confidence_interval":{"confidence_level":0.95,"lower_bound":47734.6783125395,"upper_bound":78275.05169033977},"point_estimate":60025.995482326216,"standard_error":7767.859858409667},"slope":null,"std_dev":{"confidence_interval":{"confidence_level":0.95,"lower_bound":94598.70118487653,"upper_bound":205524.842953309},"point_estimate":150904.82992648776,"standard_error":29038.889420652496}}