{"mean":{"confidence_interval":{"confidence_level":0.95,"lower_bound":293445473.479,"upper_bound":293848515.197},"point_estimate":293647085.66,"standard_error":102994.8785920851},"median":{"confidence_interval":{"confidence_level":0.95,"lower_bound":292924724.0,"upper_bound":294333783.0},"point_estimate":293931678.5,"standard_error":494887.72672933707},"median_abs_dev":{"confidence_interval":{"confidence_level":0.95,"lower_bound":817799.1802811623,"upper_bound":1551029.3754637241},"point_estimate":1448633.6082816124,"standard_error":208290.87546262765},"slope":null,"std_dev":{"confidence_interval":{"confidence_level":0.95,"lower_bound":966924.7722793046,"upper_bound":1085502.5397559928},"point_estimate":1032818.7198876226,"standard_error":30253.703159213852}}