{"mean":{"confidence_interval":{"confidence_level":0.95,"lower_bound":216165611.69775,"upper_bound":216436329.31425},"point_estimate":216292410.95,"standard_error":69227.95193566216},"median":{"confidence_interval":{"confidence_level":0.95,"lower_bound":216014883.0,"upper_bound":216174244.0},"point_estimate":216076868.0,"standard_error":38529.80476945203},"median_abs_dev":{"confidence_interval":{"confidence_level":0.95,"lower_bound":242027.77400314808,"upper_bound":425555.85954487324},"point_estimate":300002.6220738888,"standard_error":46437.99907821916},"slope":null,"std_dev":{"confidence_interval":{"confidence_level":0.95,"lower_bound":463320.8859196809,"upper_bound":893326.2469404167},"point_estimate":696770.5742025658,"standard_error":109881.82168889552}}