{"mean":{"confidence_interval":{"confidence_level":0.95,"lower_bound":202665601.27824998,"upper_bound":202989852.62524998},"point_estimate":202828441.64,"standard_error":82945.4520148884},"median":{"confidence_interval":{"confidence_level":0.95,"lower_bound":202729909.0,"upper_bound":202891805.5},"point_estimate":202807191.0,"standard_error":44575.56441416486},"median_abs_dev":{"confidence_interval":{"confidence_level":0.95,"lower_bound":258944.77714531132,"upper_bound":1469599.8143418862},"point_estimate":842036.7246508598,"standard_error":419752.1270487546},"slope":null,"std_dev":{"confidence_interval":{"confidence_level":0.95,"lower_bound":735806.9840786589,"upper_bound":923501.8560348884},"point_estimate":836637.3272251935,"standard_error":47712.52143639796}}