{"mean":{"confidence_interval":{"confidence_level":0.95,"lower_bound":128062439.01900001,"upper_bound":128316334.93800001},"point_estimate":128189691.95,"standard_error":64651.740295832205},"median":{"confidence_interval":{"confidence_level":0.95,"lower_bound":128039481.5,"upper_bound":128332796.75},"point_estimate":128217270.75,"standard_error":74950.80236275126},"median_abs_dev":{"confidence_interval":{"confidence_level":0.95,"lower_bound":383627.1909892559,"upper_bound":680576.3984173536},"point_estimate":521224.6999964118,"standard_error":77133.56095181002},"slope":null,"std_dev":{"confidence_interval":{"confidence_level":0.95,"lower_bound":524819.294274021,"upper_bound":765492.2918899565},"point_estimate":647091.535738177,"standard_error":61511.192549409345}}