{"mean":{"confidence_interval":{"confidence_level":0.95,"lower_bound":124001252.519125,"upper_bound":124266012.930125},"point_estimate":124127095.715,"standard_error":67779.64354108843},"median":{"confidence_interval":{"confidence_level":0.95,"lower_bound":123936946.5,"upper_bound":124137794.0},"point_estimate":124067694.25,"standard_error":42117.69480913457},"median_abs_dev":{"confidence_interval":{"confidence_level":0.95,"lower_bound":323091.8927639723,"upper_bound":537504.0183573961},"point_estimate":414375.573143363,"standard_error":51034.15561433118},"slope":null,"std_dev":{"confidence_interval":{"confidence_level":0.95,"lower_bound":486344.215527576,"upper_bound":884024.1395017812},"point_estimate":681078.4279969186,"standard_error":104051.01728092304}}