{"mean":{"confidence_interval":{"confidence_level":0.95,"lower_bound":128069156.86762501,"upper_bound":128513248.99775},"point_estimate":128291227.385,"standard_error":113549.21675666628},"median":{"confidence_interval":{"confidence_level":0.95,"lower_bound":127995930.5,"upper_bound":128595748.5},"point_estimate":128430699.75,"standard_error":163498.39690881592},"median_abs_dev":{"confidence_interval":{"confidence_level":0.95,"lower_bound":843574.1808235645,"upper_bound":1408618.9762920141},"point_estimate":1093346.3157892227,"standard_error":139395.70527181492},"slope":null,"std_dev":{"confidence_interval":{"confidence_level":0.95,"lower_bound":979535.7847952567,"upper_bound":1284303.3080493393},"point_estimate":1139731.9279361307,"standard_error":77670.82668623613}}