{"mean":{"confidence_interval":{"confidence_level":0.95,"lower_bound":226685371.24525002,"upper_bound":226985359.23025},"point_estimate":226817917.14,"standard_error":76983.41377576372},"median":{"confidence_interval":{"confidence_level":0.95,"lower_bound":226591129.0,"upper_bound":226761984.0},"point_estimate":226634659.0,"standard_error":46289.93771767264},"median_abs_dev":{"confidence_interval":{"confidence_level":0.95,"lower_bound":308078.34413051605,"upper_bound":502555.4304778576},"point_estimate":398644.44612264633,"standard_error":49053.83625717544},"slope":null,"std_dev":{"confidence_interval":{"confidence_level":0.95,"lower_bound":406548.5133399524,"upper_bound":1166325.007571259},"point_estimate":775873.7145707662,"standard_error":232411.80055602317}}