{"mean":{"confidence_interval":{"confidence_level":0.95,"lower_bound":212600630.03625,"upper_bound":213781217.52025},"point_estimate":213149282.35,"standard_error":303072.5459003291},"median":{"confidence_interval":{"confidence_level":0.95,"lower_bound":211802185.0,"upper_bound":212312090.0},"point_estimate":212046689.0,"standard_error":136510.3990661768},"median_abs_dev":{"confidence_interval":{"confidence_level":0.95,"lower_bound":667339.7458523512,"upper_bound":1512268.281751871},"point_estimate":1019611.4299982786,"standard_error":212425.7707055232},"slope":null,"std_dev":{"confidence_interval":{"confidence_level":0.95,"lower_bound":1925407.8134506368,"upper_bound":4086274.372266504},"point_estimate":3040195.6211194573,"standard_error":560333.4569739792}}