{"mean":{"confidence_interval":{"confidence_level":0.95,"lower_bound":222910668.78825,"upper_bound":223403720.22725},"point_estimate":223129199.22,"standard_error":126751.20309317991},"median":{"confidence_interval":{"confidence_level":0.95,"lower_bound":222824843.5,"upper_bound":223077269.0},"point_estimate":222918145.5,"standard_error":61513.641021225536},"median_abs_dev":{"confidence_interval":{"confidence_level":0.95,"lower_bound":466854.2007216811,"upper_bound":788601.3938420262},"point_estimate":630673.565903306,"standard_error":81460.8100688834},"slope":null,"std_dev":{"confidence_interval":{"confidence_level":0.95,"lower_bound":600155.4741082995,"upper_bound":1902146.946591002},"point_estimate":1274604.6025802903,"standard_error":349879.6181710829}}