{"mean":{"confidence_interval":{"confidence_level":0.95,"lower_bound":218765774.246,"upper_bound":218888310.029},"point_estimate":218827025.83,"standard_error":31283.541681773706},"median":{"confidence_interval":{"confidence_level":0.95,"lower_bound":218733116.5,"upper_bound":218910977.0},"point_estimate":218815147.5,"standard_error":46026.90549376633},"median_abs_dev":{"confidence_interval":{"confidence_level":0.95,"lower_bound":270320.2293008566,"upper_bound":428793.1907173991},"point_estimate":340952.77464687824,"standard_error":40707.674491154765},"slope":null,"std_dev":{"confidence_interval":{"confidence_level":0.95,"lower_bound":275768.57598792895,"upper_bound":349479.94693042774},"point_estimate":314678.0596700349,"standard_error":18824.210755749187}}