{"mean":{"confidence_interval":{"confidence_level":0.95,"lower_bound":260290199.083,"upper_bound":260940553.796},"point_estimate":260575136.56,"standard_error":166539.58663774407},"median":{"confidence_interval":{"confidence_level":0.95,"lower_bound":260215137.0,"upper_bound":260652906.0},"point_estimate":260462881.5,"standard_error":123453.40462931072},"median_abs_dev":{"confidence_interval":{"confidence_level":0.95,"lower_bound":656458.2033455372,"upper_bound":1131946.5474039316},"point_estimate":868054.1302889585,"standard_error":123345.46421080481},"slope":null,"std_dev":{"confidence_interval":{"confidence_level":0.95,"lower_bound":871349.6571708302,"upper_bound":2510669.7859025877},"point_estimate":1666579.9328436784,"standard_error":493407.5237050325}}