{"mean":{"confidence_interval":{"confidence_level":0.95,"lower_bound":264791896.57775003,"upper_bound":265115385.80850002},"point_estimate":264931041.28,"standard_error":83515.24320140145},"median":{"confidence_interval":{"confidence_level":0.95,"lower_bound":264736816.0,"upper_bound":264861028.0},"point_estimate":264787398.5,"standard_error":34357.86384689228},"median_abs_dev":{"confidence_interval":{"confidence_level":0.95,"lower_bound":271009.63828861713,"upper_bound":459133.0424487591},"point_estimate":369786.37893497944,"standard_error":47784.533545213875},"slope":null,"std_dev":{"confidence_interval":{"confidence_level":0.95,"lower_bound":352703.82173934934,"upper_bound":1302091.3316502785},"point_estimate":839729.9576873012,"standard_error":274190.09741034184}}