{"mean":{"confidence_interval":{"confidence_level":0.95,"lower_bound":105668424.937875,"upper_bound":106329690.42475},"point_estimate":106005295.78,"standard_error":169168.78372888814},"median":{"confidence_interval":{"confidence_level":0.95,"lower_bound":105884741.5,"upper_bound":106959531.0},"point_estimate":106720722.75,"standard_error":308648.935175679},"median_abs_dev":{"confidence_interval":{"confidence_level":0.95,"lower_bound":876024.9583974481,"upper_bound":1972474.35593158},"point_estimate":1482157.0469364524,"standard_error":300539.3988813522},"slope":null,"std_dev":{"confidence_interval":{"confidence_level":0.95,"lower_bound":1447429.2019215643,"upper_bound":1926666.2920718258},"point_estimate":1701565.652040801,"standard_error":122500.18978135266}}