{"mean":{"confidence_interval":{"confidence_level":0.95,"lower_bound":-0.045160242112017086,"upper_bound":-0.03023165582564758},"point_estimate":-0.037700101206248116,"standard_error":0.0038084984918874526},"median":{"confidence_interval":{"confidence_level":0.95,"lower_bound":-0.04531666813186608,"upper_bound":-0.005841547519270533},"point_estimate":-0.026894758264175866,"standard_error":0.011323095094750093}}