{"mean":{"confidence_interval":{"confidence_level":0.95,"lower_bound":227728045.42900002,"upper_bound":228147998.11325},"point_estimate":227915163.26,"standard_error":107352.05557158263},"median":{"confidence_interval":{"confidence_level":0.95,"lower_bound":227629823.0,"upper_bound":227714401.5},"point_estimate":227662900.0,"standard_error":23305.073275678955},"median_abs_dev":{"confidence_interval":{"confidence_level":0.95,"lower_bound":136012.23898530006,"upper_bound":261033.05627323673},"point_estimate":196975.26730298996,"standard_error":31165.184373715834},"slope":null,"std_dev":{"confidence_interval":{"confidence_level":0.95,"lower_bound":525113.7741073868,"upper_bound":1509562.5497073059},"point_estimate":1078385.9801573046,"standard_error":253017.58042071346}}