{"mean":{"confidence_interval":{"confidence_level":0.95,"lower_bound":226904080.87175,"upper_bound":227342475.39275},"point_estimate":227117325.82,"standard_error":111676.09102783384},"median":{"confidence_interval":{"confidence_level":0.95,"lower_bound":226650157.0,"upper_bound":227247926.5},"point_estimate":227043237.0,"standard_error":171184.49653252435},"median_abs_dev":{"confidence_interval":{"confidence_level":0.95,"lower_bound":818036.3962769508,"upper_bound":1311835.7395702598},"point_estimate":1096221.8184381723,"standard_error":131119.887377011},"slope":null,"std_dev":{"confidence_interval":{"confidence_level":0.95,"lower_bound":916074.5631649973,"upper_bound":1330022.7549397773},"point_estimate":1122919.3300658255,"standard_error":106734.71855099805}}