{"mean":{"confidence_interval":{"confidence_level":0.95,"lower_bound":224578385.692,"upper_bound":225213525.2545},"point_estimate":224845070.96,"standard_error":163955.84367100074},"median":{"confidence_interval":{"confidence_level":0.95,"lower_bound":224360551.0,"upper_bound":224609393.0},"point_estimate":224488140.5,"standard_error":63634.43377927714},"median_abs_dev":{"confidence_interval":{"confidence_level":0.95,"lower_bound":347823.1429249048,"upper_bound":669756.1799519506},"point_estimate":506067.70981550217,"standard_error":81773.43877901018},"slope":null,"std_dev":{"confidence_interval":{"confidence_level":0.95,"lower_bound":567705.4101585596,"upper_bound":2596094.931997697},"point_estimate":1645652.952896849,"standard_error":579343.888680856}}