{"mean":{"confidence_interval":{"confidence_level":0.95,"lower_bound":92568977.85175,"upper_bound":92627133.74566667},"point_estimate":92595074.71,"standard_error":14964.465988075695},"median":{"confidence_interval":{"confidence_level":0.95,"lower_bound":92552301.5,"upper_bound":92582100.66666666},"point_estimate":92566294.16666667,"standard_error":8414.239501086557},"median_abs_dev":{"confidence_interval":{"confidence_level":0.95,"lower_bound":54646.16402982929,"upper_bound":102591.22327864538},"point_estimate":78524.42500591278,"standard_error":12547.684437613778},"slope":null,"std_dev":{"confidence_interval":{"confidence_level":0.95,"lower_bound":74020.64790107588,"upper_bound":216180.83366739668},"point_estimate":149933.44126429962,"standard_error":37890.11643809193}}