{"mean":{"confidence_interval":{"confidence_level":0.95,"lower_bound":-0.2642468560512347,"upper_bound":-0.2615989251444628},"point_estimate":-0.2630119163756064,"standard_error":0.0006738053161865416},"median":{"confidence_interval":{"confidence_level":0.95,"lower_bound":-0.2655367864379814,"upper_bound":-0.2642541615128907},"point_estimate":-0.26500015043226144,"standard_error":0.00029550990802722736}}