{"mean":{"confidence_interval":{"confidence_level":0.95,"lower_bound":0.008037874207601537,"upper_bound":0.0242931630343811},"point_estimate":0.01630939211068627,"standard_error":0.004146051937153109},"median":{"confidence_interval":{"confidence_level":0.95,"lower_bound":0.019347478463242564,"upper_bound":0.04376108409046586},"point_estimate":0.0394568126425523,"standard_error":0.005704573718791178}}