{"mean":{"confidence_interval":{"confidence_level":0.95,"lower_bound":0.2632828010022101,"upper_bound":0.3214490017764364},"point_estimate":0.29391895358336817,"standard_error":0.014914046435002649},"median":{"confidence_interval":{"confidence_level":0.95,"lower_bound":0.3503709042604919,"upper_bound":0.3552017571840247},"point_estimate":0.35177580237525397,"standard_error":0.0012177867860176917}}