{"mean":{"confidence_interval":{"confidence_level":0.95,"lower_bound":0.00032969978488122146,"upper_bound":0.0014302936985920388},"point_estimate":0.0008762140087956727,"standard_error":0.0002785507322589069},"median":{"confidence_interval":{"confidence_level":0.95,"lower_bound":0.0007714256382271858,"upper_bound":0.0012379399842807892},"point_estimate":0.000995804903084041,"standard_error":0.00012438571779606425}}