{"mean":{"confidence_interval":{"confidence_level":0.95,"lower_bound":288553836.96675,"upper_bound":290870443.209},"point_estimate":289662062.82,"standard_error":592484.5545821727},"median":{"confidence_interval":{"confidence_level":0.95,"lower_bound":287101845.0,"upper_bound":287389643.0},"point_estimate":287215031.0,"standard_error":72866.84820304746},"median_abs_dev":{"confidence_interval":{"confidence_level":0.95,"lower_bound":408087.12535500526,"upper_bound":708873.3015149832},"point_estimate":530107.3270887136,"standard_error":73704.68071044979},"slope":null,"std_dev":{"confidence_interval":{"confidence_level":0.95,"lower_bound":4565605.635168564,"upper_bound":6932434.709927702},"point_estimate":5945725.141763634,"standard_error":592982.9717176829}}