{"mean":{"confidence_interval":{"confidence_level":0.95,"lower_bound":126455966.332875,"upper_bound":126538518.19275},"point_estimate":126492679.39,"standard_error":21286.55260191925},"median":{"confidence_interval":{"confidence_level":0.95,"lower_bound":126439435.25,"upper_bound":126495437.5},"point_estimate":126454360.75,"standard_error":11821.880970112707},"median_abs_dev":{"confidence_interval":{"confidence_level":0.95,"lower_bound":78334.65220928192,"upper_bound":127287.87944018841},"point_estimate":101195.97315341234,"standard_error":12759.37453910747},"slope":null,"std_dev":{"confidence_interval":{"confidence_level":0.95,"lower_bound":95913.84657879316,"upper_bound":314074.07304629294},"point_estimate":213974.55337646924,"standard_error":58541.93538984397}}