{"mean":{"confidence_interval":{"confidence_level":0.95,"lower_bound":126469296.58974999,"upper_bound":126565548.048125},"point_estimate":126511364.945,"standard_error":24697.477433194203},"median":{"confidence_interval":{"confidence_level":0.95,"lower_bound":126444311.5,"upper_bound":126522380.5},"point_estimate":126469804.25,"standard_error":19296.511796381168},"median_abs_dev":{"confidence_interval":{"confidence_level":0.95,"lower_bound":98069.54045891762,"upper_bound":156210.81037670374},"point_estimate":122202.93218046427,"standard_error":14911.808738867607},"slope":null,"std_dev":{"confidence_interval":{"confidence_level":0.95,"lower_bound":108918.03567642481,"upper_bound":375258.90526162914},"point_estimate":248656.04551308733,"standard_error":72691.87724413234}}