{"mean":{"confidence_interval":{"confidence_level":0.95,"lower_bound":-0.024796284371802375,"upper_bound":-0.019550989907008043},"point_estimate":-0.022108867631156603,"standard_error":0.0013306238535993008},"median":{"confidence_interval":{"confidence_level":0.95,"lower_bound":-0.020371153430167377,"upper_bound":-0.017518253192581268},"point_estimate":-0.018550786422756094,"standard_error":0.000703287414441318}}