{"mean":{"confidence_interval":{"confidence_level":0.95,"lower_bound":206060820.1365,"upper_bound":206364499.57375},"point_estimate":206204475.99,"standard_error":77359.41172904067},"median":{"confidence_interval":{"confidence_level":0.95,"lower_bound":206103853.0,"upper_bound":206368930.0},"point_estimate":206299762.0,"standard_error":70330.56646150896},"median_abs_dev":{"confidence_interval":{"confidence_level":0.95,"lower_bound":460197.5492298603,"upper_bound":761695.3733772039},"point_estimate":653135.6968045235,"standard_error":74649.30839621316},"slope":null,"std_dev":{"confidence_interval":{"confidence_level":0.95,"lower_bound":543916.4538524521,"upper_bound":1067251.8393042241},"point_estimate":778269.3456999913,"standard_error":152330.57976984282}}