{"mean":{"confidence_interval":{"confidence_level":0.95,"lower_bound":209404734.20325002,"upper_bound":209677649.60575},"point_estimate":209541518.22,"standard_error":69584.79099502877},"median":{"confidence_interval":{"confidence_level":0.95,"lower_bound":209259288.0,"upper_bound":209919930.0},"point_estimate":209490289.5,"standard_error":165302.9657784285},"median_abs_dev":{"confidence_interval":{"confidence_level":0.95,"lower_bound":688749.2307722569,"upper_bound":1084169.0219521523},"point_estimate":983911.9052320719,"standard_error":99515.18529062063},"slope":null,"std_dev":{"confidence_interval":{"confidence_level":0.95,"lower_bound":634338.8445829831,"upper_bound":753986.2774362171},"point_estimate":698441.777833792,"standard_error":30526.217009936736}}