{"mean":{"confidence_interval":{"confidence_level":0.95,"lower_bound":287143830.6375,"upper_bound":289083093.522},"point_estimate":288071230.89,"standard_error":494774.4293061066},"median":{"confidence_interval":{"confidence_level":0.95,"lower_bound":284837084.0,"upper_bound":285432784.0},"point_estimate":285021750.5,"standard_error":317781.5937695197},"median_abs_dev":{"confidence_interval":{"confidence_level":0.95,"lower_bound":494779.1936159134,"upper_bound":1783160.998500048},"point_estimate":783292.40719378,"standard_error":467208.00008700654},"slope":null,"std_dev":{"confidence_interval":{"confidence_level":0.95,"lower_bound":3763008.5854986534,"upper_bound":6190203.201172842},"point_estimate":4972203.067928427,"standard_error":644175.4670406721}}