{"mean":{"confidence_interval":{"confidence_level":0.95,"lower_bound":341048328.09975004,"upper_bound":342822877.163},"point_estimate":341936487.7,"standard_error":451879.80825890554},"median":{"confidence_interval":{"confidence_level":0.95,"lower_bound":341221910.5,"upper_bound":344202692.5},"point_estimate":343445215.5,"standard_error":759723.4687753443},"median_abs_dev":{"confidence_interval":{"confidence_level":0.95,"lower_bound":2441358.8290572166,"upper_bound":5995150.965964794},"point_estimate":3988111.644896865,"standard_error":911999.6260716176},"slope":null,"std_dev":{"confidence_interval":{"confidence_level":0.95,"lower_bound":3962670.765351268,"upper_bound":5110598.399471558},"point_estimate":4540752.933429374,"standard_error":293372.7576010521}}