{"mean":{"confidence_interval":{"confidence_level":0.95,"lower_bound":282688971.89625,"upper_bound":284200656.32275},"point_estimate":283439919.7,"standard_error":383919.24520092126},"median":{"confidence_interval":{"confidence_level":0.95,"lower_bound":280205366.0,"upper_bound":287321627.0},"point_estimate":280635162.0,"standard_error":2400229.4166523754},"median_abs_dev":{"confidence_interval":{"confidence_level":0.95,"lower_bound":926891.1658418925,"upper_bound":5306652.294588089},"point_estimate":1812474.0200221539,"standard_error":1191795.355293223},"slope":null,"std_dev":{"confidence_interval":{"confidence_level":0.95,"lower_bound":3693494.54962441,"upper_bound":3938154.249663242},"point_estimate":3855197.5033716816,"standard_error":61766.73321185177}}