{"mean":{"confidence_interval":{"confidence_level":0.95,"lower_bound":292858284.06700003,"upper_bound":295040807.417},"point_estimate":293949226.81,"standard_error":555965.3433279522},"median":{"confidence_interval":{"confidence_level":0.95,"lower_bound":294978238.0,"upper_bound":295449336.5},"point_estimate":295119441.0,"standard_error":130050.31494294098},"median_abs_dev":{"confidence_interval":{"confidence_level":0.95,"lower_bound":862484.7620203347,"upper_bound":1717461.6007089615},"point_estimate":1296292.7544862032,"standard_error":230600.88872019039},"slope":null,"std_dev":{"confidence_interval":{"confidence_level":0.95,"lower_bound":4376035.562537704,"upper_bound":6681923.29099172},"point_estimate":5579321.731123454,"standard_error":588791.0056852541}}