{"mean":{"confidence_interval":{"confidence_level":0.95,"lower_bound":242766374.357,"upper_bound":244157386.34675002},"point_estimate":243435053.16,"standard_error":353835.14902115054},"median":{"confidence_interval":{"confidence_level":0.95,"lower_bound":241714481.0,"upper_bound":242831410.0},"point_estimate":242043859.0,"standard_error":294306.0871158095},"median_abs_dev":{"confidence_interval":{"confidence_level":0.95,"lower_bound":1233470.156619028,"upper_bound":2349944.679880142},"point_estimate":1786277.9610872269,"standard_error":264722.74495179096},"slope":null,"std_dev":{"confidence_interval":{"confidence_level":0.95,"lower_bound":2775146.0931620537,"upper_bound":4194766.585952979},"point_estimate":3541212.649192375,"standard_error":362077.87171981495}}