{"mean":{"confidence_interval":{"confidence_level":0.95,"lower_bound":317546573.987,"upper_bound":317891521.7265},"point_estimate":317719138.66,"standard_error":87873.97322742079},"median":{"confidence_interval":{"confidence_level":0.95,"lower_bound":317537098.0,"upper_bound":317862080.0},"point_estimate":317666684.0,"standard_error":82764.09067172978},"median_abs_dev":{"confidence_interval":{"confidence_level":0.95,"lower_bound":580531.2934935093,"upper_bound":893828.5748563707},"point_estimate":738375.5583912134,"standard_error":80461.02475711261},"slope":null,"std_dev":{"confidence_interval":{"confidence_level":0.95,"lower_bound":691319.460763306,"upper_bound":1064314.3144537678},"point_estimate":883246.4557255704,"standard_error":95533.8663719491}}