{"mean":{"confidence_interval":{"confidence_level":0.95,"lower_bound":329398966.07675,"upper_bound":334200315.7515},"point_estimate":331799680.85,"standard_error":1221175.7346609302},"median":{"confidence_interval":{"confidence_level":0.95,"lower_bound":323718286.0,"upper_bound":340418123.0},"point_estimate":329182562.5,"standard_error":4952901.0562315555},"median_abs_dev":{"confidence_interval":{"confidence_level":0.95,"lower_bound":8380801.101011038,"upper_bound":19389468.401268125},"point_estimate":16636416.649344563,"standard_error":3063953.2611345886},"slope":null,"std_dev":{"confidence_interval":{"confidence_level":0.95,"lower_bound":11603958.076704392,"upper_bound":12830116.445321469},"point_estimate":12303508.728248805,"standard_error":311929.8129916322}}