{"mean":{"confidence_interval":{"confidence_level":0.95,"lower_bound":916869363.7457501,"upper_bound":925495871.2075},"point_estimate":921187502.7,"standard_error":2197534.414673983},"median":{"confidence_interval":{"confidence_level":0.95,"lower_bound":900433283.0,"upper_bound":939072276.0},"point_estimate":920601495.5,"standard_error":13954185.193251334},"median_abs_dev":{"confidence_interval":{"confidence_level":0.95,"lower_bound":5034172.6584255695,"upper_bound":34035377.46055126},"point_estimate":32743502.112686634,"standard_error":9443598.917088827},"slope":null,"std_dev":{"confidence_interval":{"confidence_level":0.95,"lower_bound":21023991.362154476,"upper_bound":22887937.470179964},"point_estimate":22079461.8587055,"standard_error":474988.28092493716}}