{"mean":{"confidence_interval":{"confidence_level":0.95,"lower_bound":52611688.9169375,"upper_bound":53055242.338625},"point_estimate":52818339.6375,"standard_error":113498.78271441748},"median":{"confidence_interval":{"confidence_level":0.95,"lower_bound":52342554.5,"upper_bound":52429946.75},"point_estimate":52401054.25,"standard_error":17354.33941249421},"median_abs_dev":{"confidence_interval":{"confidence_level":0.95,"lower_bound":102977.68767178059,"upper_bound":202037.7902381122},"point_estimate":152627.5515653193,"standard_error":23550.74907931299},"slope":null,"std_dev":{"confidence_interval":{"confidence_level":0.95,"lower_bound":771041.6644165925,"upper_bound":1440993.1375318295},"point_estimate":1140884.5534094581,"standard_error":171310.3541302529}}