{"mean":{"confidence_interval":{"confidence_level":0.95,"lower_bound":61179405.312125005,"upper_bound":61227098.6573125},"point_estimate":61201089.4475,"standard_error":12205.417432937807},"median":{"confidence_interval":{"confidence_level":0.95,"lower_bound":61173332.875,"upper_bound":61191532.25},"point_estimate":61183633.0,"standard_error":3847.697364845967},"median_abs_dev":{"confidence_interval":{"confidence_level":0.95,"lower_bound":35277.72507369518,"upper_bound":66854.88061308861},"point_estimate":45860.52368581295,"standard_error":8584.130931010486},"slope":null,"std_dev":{"confidence_interval":{"confidence_level":0.95,"lower_bound":69110.44606341867,"upper_bound":174353.64477400883},"point_estimate":123203.1400987964,"standard_error":27557.455419967355}}