{"mean":{"confidence_interval":{"confidence_level":0.95,"lower_bound":-0.037337075481446005,"upper_bound":-0.017000321055735474},"point_estimate":-0.027086265307669666,"standard_error":0.005181069784843831},"median":{"confidence_interval":{"confidence_level":0.95,"lower_bound":-0.08238233248887517,"upper_bound":0.008462789435969453},"point_estimate":-0.06866143660225699,"standard_error":0.02428411022560723}}