{"mean":{"confidence_interval":{"confidence_level":0.95,"lower_bound":83359434.29116666,"upper_bound":83389968.91949998},"point_estimate":83374624.97999999,"standard_error":7777.27902236973},"median":{"confidence_interval":{"confidence_level":0.95,"lower_bound":83352995.66666667,"upper_bound":83386949.66666667},"point_estimate":83371155.16666666,"standard_error":7827.243936731209},"median_abs_dev":{"confidence_interval":{"confidence_level":0.95,"lower_bound":65588.68463806451,"upper_bound":107235.0908686892},"point_estimate":88333.30643178137,"standard_error":10364.144821996571},"slope":null,"std_dev":{"confidence_interval":{"confidence_level":0.95,"lower_bound":68938.99534253289,"upper_bound":86076.31332636191},"point_estimate":78130.9098180065,"standard_error":4367.552566254361}}