{"mean":{"confidence_interval":{"confidence_level":0.95,"lower_bound":108584467.993875,"upper_bound":109049907.936375},"point_estimate":108816075.22,"standard_error":118870.1648992831},"median":{"confidence_interval":{"confidence_level":0.95,"lower_bound":108518862.5,"upper_bound":109147521.5},"point_estimate":108780268.75,"standard_error":147292.1893212662},"median_abs_dev":{"confidence_interval":{"confidence_level":0.95,"lower_bound":1121565.7530382276,"upper_bound":1648865.7770767808},"point_estimate":1484531.4307942986,"standard_error":128856.41576835643},"slope":null,"std_dev":{"confidence_interval":{"confidence_level":0.95,"lower_bound":1055944.2517609994,"upper_bound":1319386.91495868},"point_estimate":1195452.3329876298,"standard_error":67481.22129568414}}