{"mean":{"confidence_interval":{"confidence_level":0.95,"lower_bound":-0.11987434496033392,"upper_bound":-0.11817833844097135},"point_estimate":-0.11903913565550017,"standard_error":0.0004332724135285581},"median":{"confidence_interval":{"confidence_level":0.95,"lower_bound":-0.1211288490668504,"upper_bound":-0.11982014333387714},"point_estimate":-0.12050225479275878,"standard_error":0.0003420305903856407}}