{"mean":{"confidence_interval":{"confidence_level":0.95,"lower_bound":-0.01741229015999798,"upper_bound":-0.01305895451637975},"point_estimate":-0.015115481903170802,"standard_error":0.001112207520958008},"median":{"confidence_interval":{"confidence_level":0.95,"lower_bound":-0.014041084344631657,"upper_bound":-0.01176667235844242},"point_estimate":-0.01281772323808783,"standard_error":0.0005992884159526421}}