{"mean":{"confidence_interval":{"confidence_level":0.95,"lower_bound":5134594.297363592,"upper_bound":5200471.562609782},"point_estimate":5167046.792418526,"standard_error":16803.927453455093},"median":{"confidence_interval":{"confidence_level":0.95,"lower_bound":5077280.045588235,"upper_bound":5153190.626373626},"point_estimate":5119353.160774411,"standard_error":20408.928699398475},"median_abs_dev":{"confidence_interval":{"confidence_level":0.95,"lower_bound":92639.22805114687,"upper_bound":202899.7687717247},"point_estimate":143571.16712564768,"standard_error":30532.285884494908},"slope":{"confidence_interval":{"confidence_level":0.95,"lower_bound":5102862.621693899,"upper_bound":5159900.736924345},"point_estimate":5129315.631363972,"standard_error":14574.65871374989},"std_dev":{"confidence_interval":{"confidence_level":0.95,"lower_bound":145165.3804422783,"upper_bound":190505.19492389107},"point_estimate":168980.20185428832,"standard_error":11552.272476847578}}