{"mean":{"confidence_interval":{"confidence_level":0.95,"lower_bound":217099191.71824998,"upper_bound":220505842.344},"point_estimate":218725524.93,"standard_error":870384.5747500368},"median":{"confidence_interval":{"confidence_level":0.95,"lower_bound":214718749.0,"upper_bound":216637902.5},"point_estimate":215613282.0,"standard_error":505312.76369131054},"median_abs_dev":{"confidence_interval":{"confidence_level":0.95,"lower_bound":2374933.902436495,"upper_bound":4687531.147679687},"point_estimate":3384559.2803120613,"standard_error":646063.1419899489},"slope":null,"std_dev":{"confidence_interval":{"confidence_level":0.95,"lower_bound":6326902.399365773,"upper_bound":10824775.935086401},"point_estimate":8767413.170800945,"standard_error":1151399.3349574616}}