{"mean":{"confidence_interval":{"confidence_level":0.95,"lower_bound":323588342.718,"upper_bound":323758226.05275},"point_estimate":323668945.55,"standard_error":43190.429508154804},"median":{"confidence_interval":{"confidence_level":0.95,"lower_bound":323553564.0,"upper_bound":323714286.0},"point_estimate":323634552.5,"standard_error":38466.26127004962},"median_abs_dev":{"confidence_interval":{"confidence_level":0.95,"lower_bound":273798.40883910656,"upper_bound":470901.9210398197},"point_estimate":389106.88049197197,"standard_error":49190.95574747185},"slope":null,"std_dev":{"confidence_interval":{"confidence_level":0.95,"lower_bound":317606.03660351987,"upper_bound":573088.555139134},"point_estimate":432071.3121325307,"standard_error":71834.5334998565}}