{"mean":{"confidence_interval":{"confidence_level":0.95,"lower_bound":697882633.163,"upper_bound":698581070.9245},"point_estimate":698187780.0,"standard_error":180079.6534326522},"median":{"confidence_interval":{"confidence_level":0.95,"lower_bound":697845923.0,"upper_bound":698304146.0},"point_estimate":698026657.5,"standard_error":115051.68383669974},"median_abs_dev":{"confidence_interval":{"confidence_level":0.95,"lower_bound":668840.6559357049,"upper_bound":1129986.5502387285},"point_estimate":961232.5734347105,"standard_error":118086.08170489165},"slope":null,"std_dev":{"confidence_interval":{"confidence_level":0.95,"lower_bound":721503.4367501449,"upper_bound":2709820.039218459},"point_estimate":1809663.4890758398,"standard_error":538476.2228549466}}