{"mean":{"confidence_interval":{"confidence_level":0.95,"lower_bound":90530056.65083331,"upper_bound":90922931.25349998},"point_estimate":90718709.18333334,"standard_error":100229.61330739605},"median":{"confidence_interval":{"confidence_level":0.95,"lower_bound":90505909.5,"upper_bound":90630923.16666666},"point_estimate":90578143.16666666,"standard_error":28574.344396146873},"median_abs_dev":{"confidence_interval":{"confidence_level":0.95,"lower_bound":189887.21010631367,"upper_bound":500849.2050081455},"point_estimate":320265.56301416806,"standard_error":83048.40758606698},"slope":null,"std_dev":{"confidence_interval":{"confidence_level":0.95,"lower_bound":760813.1605733744,"upper_bound":1234453.9251948535},"point_estimate":1010780.2905748838,"standard_error":121126.24399606168}}