{"mean":{"confidence_interval":{"confidence_level":0.95,"lower_bound":308777539.115,"upper_bound":309260538.23025},"point_estimate":308983322.67,"standard_error":123543.09161157566},"median":{"confidence_interval":{"confidence_level":0.95,"lower_bound":308852115.0,"upper_bound":308959096.0},"point_estimate":308900807.0,"standard_error":27147.361503716907},"median_abs_dev":{"confidence_interval":{"confidence_level":0.95,"lower_bound":232450.1781731844,"upper_bound":368403.85445952415},"point_estimate":312603.2392501831,"standard_error":33260.787112590115},"slope":null,"std_dev":{"confidence_interval":{"confidence_level":0.95,"lower_bound":288546.93172602216,"upper_bound":2040562.3016263735},"point_estimate":1244315.9304708333,"standard_error":512485.76634769846}}