{"mean":{"confidence_interval":{"confidence_level":0.95,"lower_bound":54803155.2206875,"upper_bound":54870771.8448125},"point_estimate":54835861.17,"standard_error":17278.387976715127},"median":{"confidence_interval":{"confidence_level":0.95,"lower_bound":54747977.75,"upper_bound":54781375.25},"point_estimate":54763141.5,"standard_error":8153.71198378681},"median_abs_dev":{"confidence_interval":{"confidence_level":0.95,"lower_bound":43355.671030282974,"upper_bound":83856.59581124783},"point_estimate":61181.71181380749,"standard_error":10081.415931367383},"slope":null,"std_dev":{"confidence_interval":{"confidence_level":0.95,"lower_bound":143919.78455488425,"upper_bound":195592.12664023845},"point_estimate":173664.99007581067,"standard_error":13230.89818254679}}