{"mean":{"confidence_interval":{"confidence_level":0.95,"lower_bound":49027908.6839,"upper_bound":49123560.93770003},"point_estimate":49072175.288,"standard_error":24507.077902546356},"median":{"confidence_interval":{"confidence_level":0.95,"lower_bound":48960799.900000006,"upper_bound":49099776.0},"point_estimate":49079286.2,"standard_error":34920.9483837163},"median_abs_dev":{"confidence_interval":{"confidence_level":0.95,"lower_bound":102455.81248104572,"upper_bound":200684.4915146348},"point_estimate":164606.55163765175,"standard_error":25795.47595525546},"slope":null,"std_dev":{"confidence_interval":{"confidence_level":0.95,"lower_bound":149133.9010620988,"upper_bound":334876.2277140915},"point_estimate":246742.27167459996,"standard_error":48226.97542276319}}