{"mean":{"confidence_interval":{"confidence_level":0.95,"lower_bound":-0.012688508160974702,"upper_bound":-0.010234572673669905},"point_estimate":-0.011482698623986543,"standard_error":0.0006313241896000656},"median":{"confidence_interval":{"confidence_level":0.95,"lower_bound":-0.011762944973710332,"upper_bound":-0.009658197421971382},"point_estimate":-0.010597276344985529,"standard_error":0.0005388261885207272}}