{"mean":{"confidence_interval":{"confidence_level":0.95,"lower_bound":-0.006508141161473946,"upper_bound":-0.005534280086029636},"point_estimate":-0.006010447633384541,"standard_error":0.0002476409750487393},"median":{"confidence_interval":{"confidence_level":0.95,"lower_bound":-0.006322128811489858,"upper_bound":-0.005389982046201902},"point_estimate":-0.005897587976831931,"standard_error":0.00023664705422024517}}