{"mean":{"confidence_interval":{"confidence_level":0.95,"lower_bound":287906715.55875,"upper_bound":288552003.1795},"point_estimate":288187043.71,"standard_error":166103.08334195995},"median":{"confidence_interval":{"confidence_level":0.95,"lower_bound":287526367.0,"upper_bound":287798268.0},"point_estimate":287637339.0,"standard_error":78688.26452138614},"median_abs_dev":{"confidence_interval":{"confidence_level":0.95,"lower_bound":373784.9510639906,"upper_bound":781236.0410302877},"point_estimate":530082.1228891611,"standard_error":105321.12674405385},"slope":null,"std_dev":{"confidence_interval":{"confidence_level":0.95,"lower_bound":878940.3019437152,"upper_bound":2533080.3955931393},"point_estimate":1674236.4618494748,"standard_error":525763.1143846913}}