{"mean":{"confidence_interval":{"confidence_level":0.95,"lower_bound":91888221.87916663,"upper_bound":92070240.20458333},"point_estimate":91969520.7266667,"standard_error":46879.45225196423},"median":{"confidence_interval":{"confidence_level":0.95,"lower_bound":91892758.0,"upper_bound":91946819.33333334},"point_estimate":91930958.16666666,"standard_error":11870.062053020496},"median_abs_dev":{"confidence_interval":{"confidence_level":0.95,"lower_bound":101062.66270577171,"upper_bound":242916.09848738453},"point_estimate":150104.5988351291,"standard_error":40056.06212639988},"slope":null,"std_dev":{"confidence_interval":{"confidence_level":0.95,"lower_bound":231197.34606408825,"upper_bound":662867.7781690106},"point_estimate":471935.364832604,"standard_error":111063.9827205822}}