{"mean":{"confidence_interval":{"confidence_level":0.95,"lower_bound":93881404.07158333,"upper_bound":95749514.19758338},"point_estimate":94795127.10999998,"standard_error":477281.902629935},"median":{"confidence_interval":{"confidence_level":0.95,"lower_bound":91609383.66666667,"upper_bound":92157561.66666666},"point_estimate":91742930.33333334,"standard_error":140535.42828592882},"median_abs_dev":{"confidence_interval":{"confidence_level":0.95,"lower_bound":296523.45413564896,"upper_bound":1081681.1944862942},"point_estimate":496612.67558337,"standard_error":209969.53337875466},"slope":null,"std_dev":{"confidence_interval":{"confidence_level":0.95,"lower_bound":4192780.0811213637,"upper_bound":5207668.239267977},"point_estimate":4789348.318734513,"standard_error":260370.87107965414}}