{"mean":{"confidence_interval":{"confidence_level":0.95,"lower_bound":53682838.9995,"upper_bound":53757244.33175},"point_estimate":53719854.49,"standard_error":18958.68139562398},"median":{"confidence_interval":{"confidence_level":0.95,"lower_bound":53674210.0,"upper_bound":53755793.5},"point_estimate":53709152.5,"standard_error":22924.363311913534},"median_abs_dev":{"confidence_interval":{"confidence_level":0.95,"lower_bound":121075.04425048828,"upper_bound":225828.14539074898},"point_estimate":163845.0882911682,"standard_error":25978.52176630507},"slope":null,"std_dev":{"confidence_interval":{"confidence_level":0.95,"lower_bound":156554.7541633608,"upper_bound":220631.67367455724},"point_estimate":189554.6424058935,"standard_error":16424.654209023734}}