{"mean":{"confidence_interval":{"confidence_level":0.95,"lower_bound":56071528.0596875,"upper_bound":56399800.4365},"point_estimate":56228356.3325,"standard_error":84008.76967647157},"median":{"confidence_interval":{"confidence_level":0.95,"lower_bound":55798765.875,"upper_bound":55960173.0},"point_estimate":55867351.5,"standard_error":38611.686430404},"median_abs_dev":{"confidence_interval":{"confidence_level":0.95,"lower_bound":245632.15986415744,"upper_bound":523312.7567343414},"point_estimate":327746.5153813362,"standard_error":68274.47526969672},"slope":null,"std_dev":{"confidence_interval":{"confidence_level":0.95,"lower_bound":638512.5395743351,"upper_bound":1033793.1238862072},"point_estimate":841526.318589249,"standard_error":101574.25978848443}}