{"mean":{"confidence_interval":{"confidence_level":0.95,"lower_bound":51783720.3455,"upper_bound":51863106.79625},"point_estimate":51819863.26,"standard_error":20246.69418624405},"median":{"confidence_interval":{"confidence_level":0.95,"lower_bound":51751755.5,"upper_bound":51821393.0},"point_estimate":51799045.0,"standard_error":17121.734935110013},"median_abs_dev":{"confidence_interval":{"confidence_level":0.95,"lower_bound":107485.53289175034,"upper_bound":168528.62160801888},"point_estimate":143996.7811435461,"standard_error":15091.631975222892},"slope":null,"std_dev":{"confidence_interval":{"confidence_level":0.95,"lower_bound":123362.76119953513,"upper_bound":293272.8167074153},"point_estimate":203777.04926171273,"standard_error":49535.1700403451}}