{"mean":{"confidence_interval":{"confidence_level":0.95,"lower_bound":-0.031195409216097623,"upper_bound":-0.02835626064658705},"point_estimate":-0.02982018369611561,"standard_error":0.0007194876354600489},"median":{"confidence_interval":{"confidence_level":0.95,"lower_bound":-0.03048085456023164,"upper_bound":-0.028099169299976023},"point_estimate":-0.02903864626263719,"standard_error":0.0006047933249680446}}