{"mean":{"confidence_interval":{"confidence_level":0.95,"lower_bound":99028164.08587499,"upper_bound":99294286.08975},"point_estimate":99149789.05,"standard_error":68091.63596332513},"median":{"confidence_interval":{"confidence_level":0.95,"lower_bound":99085769.75,"upper_bound":99182780.75},"point_estimate":99124257.25,"standard_error":25069.114152783735},"median_abs_dev":{"confidence_interval":{"confidence_level":0.95,"lower_bound":182457.0089894906,"upper_bound":375866.1507770419},"point_estimate":257225.9063333273,"standard_error":47658.72758216222},"slope":null,"std_dev":{"confidence_interval":{"confidence_level":0.95,"lower_bound":365407.77481484803,"upper_bound":956576.1139181315},"point_estimate":686515.5852977297,"standard_error":150839.03373623226}}