{"mean":{"confidence_interval":{"confidence_level":0.95,"lower_bound":173048820.911875,"upper_bound":174547024.61450002},"point_estimate":173748068.35,"standard_error":383848.36468268116},"median":{"confidence_interval":{"confidence_level":0.95,"lower_bound":172209897.5,"upper_bound":172612304.0},"point_estimate":172423041.75,"standard_error":94653.9245232207},"median_abs_dev":{"confidence_interval":{"confidence_level":0.95,"lower_bound":575582.0041313767,"upper_bound":1213997.7070972323},"point_estimate":788638.6626988649,"standard_error":159182.68250008242},"slope":null,"std_dev":{"confidence_interval":{"confidence_level":0.95,"lower_bound":2507491.8757576332,"upper_bound":4957545.102730866},"point_estimate":3872326.263146585,"standard_error":623651.8654638068}}