{"mean":{"confidence_interval":{"confidence_level":0.95,"lower_bound":164752339.69712502,"upper_bound":165024151.990125},"point_estimate":164886310.525,"standard_error":69328.26228809312},"median":{"confidence_interval":{"confidence_level":0.95,"lower_bound":164654872.0,"upper_bound":164880976.0},"point_estimate":164807500.0,"standard_error":58995.04589474523},"median_abs_dev":{"confidence_interval":{"confidence_level":0.95,"lower_bound":373012.88712769747,"upper_bound":691281.1408773065},"point_estimate":541565.971635282,"standard_error":80347.13255436734},"slope":null,"std_dev":{"confidence_interval":{"confidence_level":0.95,"lower_bound":563177.0803218588,"upper_bound":819198.7466468709},"point_estimate":698244.6782959235,"standard_error":65407.15515526626}}