{"mean":{"confidence_interval":{"confidence_level":0.95,"lower_bound":164677420.98099998,"upper_bound":165185996.93475},"point_estimate":164903117.245,"standard_error":130471.35999767079},"median":{"confidence_interval":{"confidence_level":0.95,"lower_bound":164565095.5,"upper_bound":164842160.25},"point_estimate":164723990.75,"standard_error":78481.42791851758},"median_abs_dev":{"confidence_interval":{"confidence_level":0.95,"lower_bound":454440.2428820729,"upper_bound":756877.1921839934},"point_estimate":607042.7755728364,"standard_error":76266.58242277548},"slope":null,"std_dev":{"confidence_interval":{"confidence_level":0.95,"lower_bound":691745.0802610648,"upper_bound":1947138.7685709961},"point_estimate":1309597.342109619,"standard_error":363111.0619780703}}