{"mean":{"confidence_interval":{"confidence_level":0.95,"lower_bound":85418336.17866668,"upper_bound":85495641.29658335},"point_estimate":85456736.17333335,"standard_error":19699.93332854537},"median":{"confidence_interval":{"confidence_level":0.95,"lower_bound":85384317.0,"upper_bound":85468829.0},"point_estimate":85433811.83333334,"standard_error":18843.20382633764},"median_abs_dev":{"confidence_interval":{"confidence_level":0.95,"lower_bound":134921.04540467262,"upper_bound":296692.9647326322},"point_estimate":200092.68084765217,"standard_error":36271.65939211806},"slope":null,"std_dev":{"confidence_interval":{"confidence_level":0.95,"lower_bound":173104.0405057536,"upper_bound":221802.7086861305},"point_estimate":198202.68952942314,"standard_error":12430.138459814554}}