{"mean":{"confidence_interval":{"confidence_level":0.95,"lower_bound":287541077.4825,"upper_bound":288644815.98050004},"point_estimate":288072251.34,"standard_error":280472.84373134596},"median":{"confidence_interval":{"confidence_level":0.95,"lower_bound":286835961.0,"upper_bound":288203240.5},"point_estimate":287669257.0,"standard_error":372561.9736734106},"median_abs_dev":{"confidence_interval":{"confidence_level":0.95,"lower_bound":1867818.7357395887,"upper_bound":3002665.9899920225},"point_estimate":2353671.93621397,"standard_error":297507.3041349424},"slope":null,"std_dev":{"confidence_interval":{"confidence_level":0.95,"lower_bound":2188377.388920243,"upper_bound":3446792.9883928034},"point_estimate":2822888.7535901982,"standard_error":324480.66054397874}}