{"mean":{"confidence_interval":{"confidence_level":0.95,"lower_bound":84890400.30058332,"upper_bound":85286142.83625},"point_estimate":85081023.38,"standard_error":100853.53660745654},"median":{"confidence_interval":{"confidence_level":0.95,"lower_bound":85116280.66666666,"upper_bound":85238334.0},"point_estimate":85166508.33333334,"standard_error":30117.799750420556},"median_abs_dev":{"confidence_interval":{"confidence_level":0.95,"lower_bound":196049.64925193397,"upper_bound":498271.45785390225},"point_estimate":284015.4994577206,"standard_error":71340.78310461633},"slope":null,"std_dev":{"confidence_interval":{"confidence_level":0.95,"lower_bound":711535.1570209989,"upper_bound":1279232.5342671333},"point_estimate":1015925.8139361496,"standard_error":145254.8952716987}}