{"mean":{"confidence_interval":{"confidence_level":0.95,"lower_bound":86926939.98174997,"upper_bound":87042802.01708332},"point_estimate":86979244.62333336,"standard_error":29626.984080048416},"median":{"confidence_interval":{"confidence_level":0.95,"lower_bound":86912374.33333334,"upper_bound":86970894.0},"point_estimate":86938821.0,"standard_error":14625.205021277538},"median_abs_dev":{"confidence_interval":{"confidence_level":0.95,"lower_bound":75495.47325968742,"upper_bound":154518.29895674813},"point_estimate":112306.4538061582,"standard_error":20737.440671165437},"slope":null,"std_dev":{"confidence_interval":{"confidence_level":0.95,"lower_bound":139063.0198117788,"upper_bound":422540.0759570727},"point_estimate":298356.3675645091,"standard_error":71406.8283690014}}