{"mean":{"confidence_interval":{"confidence_level":0.95,"lower_bound":91459642.92400001,"upper_bound":92276522.61866665},"point_estimate":91843958.96000002,"standard_error":208755.5496354457},"median":{"confidence_interval":{"confidence_level":0.95,"lower_bound":91450281.33333333,"upper_bound":91807947.66666667},"point_estimate":91620733.33333334,"standard_error":91327.65381745728},"median_abs_dev":{"confidence_interval":{"confidence_level":0.95,"lower_bound":654363.5366827212,"upper_bound":1251773.9837765694},"point_estimate":884310.8390003332,"standard_error":153874.65342409507},"slope":null,"std_dev":{"confidence_interval":{"confidence_level":0.95,"lower_bound":1343612.1326648132,"upper_bound":2742401.562340696},"point_estimate":2092975.8146646651,"standard_error":356719.20443999907}}