{"mean":{"confidence_interval":{"confidence_level":0.95,"lower_bound":266370202.81375,"upper_bound":267537793.24675},"point_estimate":266918813.93,"standard_error":298193.323748535},"median":{"confidence_interval":{"confidence_level":0.95,"lower_bound":265738566.0,"upper_bound":266135009.5},"point_estimate":265947192.5,"standard_error":109139.58409023365},"median_abs_dev":{"confidence_interval":{"confidence_level":0.95,"lower_bound":867982.965490222,"upper_bound":1760966.2730365992},"point_estimate":1402296.4287042618,"standard_error":224504.20914937527},"slope":null,"std_dev":{"confidence_interval":{"confidence_level":0.95,"lower_bound":2132276.982496368,"upper_bound":3723639.0642413716},"point_estimate":2987837.8504956504,"standard_error":407268.88437800907}}