{"mean":{"confidence_interval":{"confidence_level":0.95,"lower_bound":250431362.39049998,"upper_bound":250612934.99324998},"point_estimate":250512875.33,"standard_error":46546.783174354016},"median":{"confidence_interval":{"confidence_level":0.95,"lower_bound":250413647.0,"upper_bound":250549941.0},"point_estimate":250481723.0,"standard_error":34225.34794053312},"median_abs_dev":{"confidence_interval":{"confidence_level":0.95,"lower_bound":235576.98151767254,"upper_bound":417936.03698015213},"point_estimate":314443.8871175051,"standard_error":48175.9778672481},"slope":null,"std_dev":{"confidence_interval":{"confidence_level":0.95,"lower_bound":273398.2067821479,"upper_bound":689369.8955694858},"point_estimate":467030.89254605497,"standard_error":128198.64472559512}}