{"mean":{"confidence_interval":{"confidence_level":0.95,"lower_bound":291867366.7485,"upper_bound":294322787.1965},"point_estimate":293053460.49,"standard_error":628285.1767335101},"median":{"confidence_interval":{"confidence_level":0.95,"lower_bound":289227462.0,"upper_bound":291649131.0},"point_estimate":290308982.5,"standard_error":736033.8059779042},"median_abs_dev":{"confidence_interval":{"confidence_level":0.95,"lower_bound":2010407.0469081402,"upper_bound":4598570.70145905},"point_estimate":3172226.5011817217,"standard_error":682897.5733942114},"slope":null,"std_dev":{"confidence_interval":{"confidence_level":0.95,"lower_bound":5228175.360770774,"upper_bound":7214504.247910174},"point_estimate":6321945.641534069,"standard_error":507625.1437492821}}