{"mean":{"confidence_interval":{"confidence_level":0.95,"lower_bound":91227011.85558334,"upper_bound":92486595.72883332},"point_estimate":91809439.46333334,"standard_error":321650.8227492125},"median":{"confidence_interval":{"confidence_level":0.95,"lower_bound":90904755.16666666,"upper_bound":91712000.0},"point_estimate":91403643.33333333,"standard_error":251606.06699070038},"median_abs_dev":{"confidence_interval":{"confidence_level":0.95,"lower_bound":1375996.5877711773,"upper_bound":3071807.2868645266},"point_estimate":1927241.3426846266,"standard_error":469543.0802146907},"slope":null,"std_dev":{"confidence_interval":{"confidence_level":0.95,"lower_bound":2030885.122212542,"upper_bound":4381606.812172873},"point_estimate":3248214.5230280394,"standard_error":614501.7480699555}}