{"mean":{"confidence_interval":{"confidence_level":0.95,"lower_bound":85512379.93716665,"upper_bound":85571685.85966665},"point_estimate":85541120.39666668,"standard_error":15113.914123218836},"median":{"confidence_interval":{"confidence_level":0.95,"lower_bound":85484755.0,"upper_bound":85549951.0},"point_estimate":85514234.16666667,"standard_error":14206.657488109},"median_abs_dev":{"confidence_interval":{"confidence_level":0.95,"lower_bound":101344.35670078169,"upper_bound":166516.73344373703},"point_estimate":138067.1225488186,"standard_error":17117.76764436243},"slope":null,"std_dev":{"confidence_interval":{"confidence_level":0.95,"lower_bound":117101.75563841284,"upper_bound":187027.17460669568},"point_estimate":151451.50793384694,"standard_error":18157.16463720447}}