{"mean":{"confidence_interval":{"confidence_level":0.95,"lower_bound":90244711.92916669,"upper_bound":90474347.99633335},"point_estimate":90361928.09333333,"standard_error":58720.24359480553},"median":{"confidence_interval":{"confidence_level":0.95,"lower_bound":90356478.33333333,"upper_bound":90681713.33333333},"point_estimate":90607796.83333334,"standard_error":94639.83737594757},"median_abs_dev":{"confidence_interval":{"confidence_level":0.95,"lower_bound":289582.6623588837,"upper_bound":600738.6369347535},"point_estimate":386619.5719361342,"standard_error":77899.39319723255},"slope":null,"std_dev":{"confidence_interval":{"confidence_level":0.95,"lower_bound":486588.3156426557,"upper_bound":678868.6861003821},"point_estimate":591894.1021741917,"standard_error":49144.709576969515}}