{"mean":{"confidence_interval":{"confidence_level":0.95,"lower_bound":0.0019746692881185803,"upper_bound":0.0049800347851309875},"point_estimate":0.003564271024697252,"standard_error":0.0007561854886791958},"median":{"confidence_interval":{"confidence_level":0.95,"lower_bound":0.006067889307647789,"upper_bound":0.00854338527728693},"point_estimate":0.0076136950779741586,"standard_error":0.0006026607588386813}}