{"mean":{"confidence_interval":{"confidence_level":0.95,"lower_bound":-0.006414129671658883,"upper_bound":-0.005938654253190909},"point_estimate":-0.006183131729564528,"standard_error":0.00012181277525317693},"median":{"confidence_interval":{"confidence_level":0.95,"lower_bound":-0.006432775060320695,"upper_bound":-0.0059245544304612485},"point_estimate":-0.006183489316763713,"standard_error":0.00011774277750358521}}