{"mean":{"confidence_interval":{"confidence_level":0.95,"lower_bound":0.004251596664821096,"upper_bound":0.008940400553184746},"point_estimate":0.006598718828936256,"standard_error":0.0011955285351305915},"median":{"confidence_interval":{"confidence_level":0.95,"lower_bound":0.0068278337154762,"upper_bound":0.010118567454781013},"point_estimate":0.007936547130902749,"standard_error":0.0009486274503500994}}