{"mean":{"confidence_interval":{"confidence_level":0.95,"lower_bound":-0.010085376317821013,"upper_bound":-0.006971441747150167},"point_estimate":-0.00859832195932797,"standard_error":0.0007903083166753375},"median":{"confidence_interval":{"confidence_level":0.95,"lower_bound":-0.01121896728063665,"upper_bound":-0.009162898334537876},"point_estimate":-0.009845773408999614,"standard_error":0.0005181539148581466}}