{"mean":{"confidence_interval":{"confidence_level":0.95,"lower_bound":87764902.96066669,"upper_bound":87830250.01608333},"point_estimate":87795351.59666668,"standard_error":16657.347241469375},"median":{"confidence_interval":{"confidence_level":0.95,"lower_bound":87748799.66666667,"upper_bound":87802531.0},"point_estimate":87778387.5,"standard_error":13977.601271637763},"median_abs_dev":{"confidence_interval":{"confidence_level":0.95,"lower_bound":74053.64478527395,"upper_bound":139901.34581625092},"point_estimate":114678.86086404692,"standard_error":17011.73120237707},"slope":null,"std_dev":{"confidence_interval":{"confidence_level":0.95,"lower_bound":109960.5851683313,"upper_bound":230678.18869042004},"point_estimate":167461.71256777176,"standard_error":33245.50672911464}}