{"mean":{"confidence_interval":{"confidence_level":0.95,"lower_bound":72221627.48483334,"upper_bound":72293937.3805833},"point_estimate":72257048.17666663,"standard_error":18441.458545224235},"median":{"confidence_interval":{"confidence_level":0.95,"lower_bound":72201159.0,"upper_bound":72263124.83333334},"point_estimate":72223720.16666666,"standard_error":15988.443728895303},"median_abs_dev":{"confidence_interval":{"confidence_level":0.95,"lower_bound":125622.42546976349,"upper_bound":226938.85987103722},"point_estimate":173715.99181590622,"standard_error":26286.01039225596},"slope":null,"std_dev":{"confidence_interval":{"confidence_level":0.95,"lower_bound":154599.52069911,"upper_bound":215307.05792265938},"point_estimate":185236.26169170672,"standard_error":15572.432988745837}}