{"mean":{"confidence_interval":{"confidence_level":0.95,"lower_bound":260383615.44925,"upper_bound":260783414.24400002},"point_estimate":260558200.37,"standard_error":103552.03570969951},"median":{"confidence_interval":{"confidence_level":0.95,"lower_bound":260288955.0,"upper_bound":260438260.0},"point_estimate":260351129.0,"standard_error":33162.630323422025},"median_abs_dev":{"confidence_interval":{"confidence_level":0.95,"lower_bound":180640.7220929861,"upper_bound":311912.3476624489},"point_estimate":245067.1039491892,"standard_error":33253.62893152616},"slope":null,"std_dev":{"confidence_interval":{"confidence_level":0.95,"lower_bound":298031.8604961731,"upper_bound":1554427.6722505186},"point_estimate":1043838.5980473261,"standard_error":308976.40955080045}}