{"mean":{"confidence_interval":{"confidence_level":0.95,"lower_bound":275566427.4965,"upper_bound":275751277.94449997},"point_estimate":275659586.73,"standard_error":47123.53823852277},"median":{"confidence_interval":{"confidence_level":0.95,"lower_bound":275589704.0,"upper_bound":275769608.0},"point_estimate":275675101.5,"standard_error":46988.80189483014},"median_abs_dev":{"confidence_interval":{"confidence_level":0.95,"lower_bound":333183.2094848156,"upper_bound":543679.7885477543},"point_estimate":433303.92700731754,"standard_error":52689.22128576371},"slope":null,"std_dev":{"confidence_interval":{"confidence_level":0.95,"lower_bound":395554.7131973527,"upper_bound":546595.9448627976},"point_estimate":472487.58683396,"standard_error":38775.2813916755}}