{"mean":{"confidence_interval":{"confidence_level":0.95,"lower_bound":93009117.49683331,"upper_bound":102946162.93924999},"point_estimate":97635750.78999996,"standard_error":2538091.6060124836},"median":{"confidence_interval":{"confidence_level":0.95,"lower_bound":85181506.83333334,"upper_bound":88187351.66666667},"point_estimate":86063223.66666667,"standard_error":656476.7843665422},"median_abs_dev":{"confidence_interval":{"confidence_level":0.95,"lower_bound":1485824.5483138566,"upper_bound":5661271.428692356},"point_estimate":2775320.4035282247,"standard_error":932126.8548580314},"slope":null,"std_dev":{"confidence_interval":{"confidence_level":0.95,"lower_bound":17308394.32543882,"upper_bound":32326996.900307957},"point_estimate":25414562.64461034,"standard_error":3841457.018006484}}