{"mean":{"confidence_interval":{"confidence_level":0.95,"lower_bound":-0.03034323371814159,"upper_bound":-0.027173460500530787},"point_estimate":-0.028973358353174605,"standard_error":0.0008055982645689742},"median":{"confidence_interval":{"confidence_level":0.95,"lower_bound":-0.02993263424895254,"upper_bound":-0.027689558080657206},"point_estimate":-0.028787066211499512,"standard_error":0.0005955310231176162}}