{"mean":{"confidence_interval":{"confidence_level":0.95,"lower_bound":-0.02204066434966796,"upper_bound":-0.019716912775430803},"point_estimate":-0.02081736707557924,"standard_error":0.0005912042888151193},"median":{"confidence_interval":{"confidence_level":0.95,"lower_bound":-0.02166564158671773,"upper_bound":-0.019998679183931167},"point_estimate":-0.02076429085737308,"standard_error":0.0004281127776911511}}