{"mean":{"confidence_interval":{"confidence_level":0.95,"lower_bound":130993947.37525,"upper_bound":131366128.912375},"point_estimate":131180668.075,"standard_error":94744.68744243521},"median":{"confidence_interval":{"confidence_level":0.95,"lower_bound":131240221.5,"upper_bound":131454033.0},"point_estimate":131382464.0,"standard_error":52008.91160649597},"median_abs_dev":{"confidence_interval":{"confidence_level":0.95,"lower_bound":468815.1615768671,"upper_bound":917286.0863149166},"point_estimate":760395.8745002747,"standard_error":105251.4283846955},"slope":null,"std_dev":{"confidence_interval":{"confidence_level":0.95,"lower_bound":799880.5035133782,"upper_bound":1094182.3397120514},"point_estimate":955300.9069645937,"standard_error":74952.03191319178}}