{"mean":{"confidence_interval":{"confidence_level":0.95,"lower_bound":348024053.8595,"upper_bound":349372239.80475},"point_estimate":348643399.47,"standard_error":345177.9056527836},"median":{"confidence_interval":{"confidence_level":0.95,"lower_bound":347385672.5,"upper_bound":348020277.0},"point_estimate":347658332.5,"standard_error":163846.46013720913},"median_abs_dev":{"confidence_interval":{"confidence_level":0.95,"lower_bound":877401.1818230152,"upper_bound":1643609.1818051038},"point_estimate":1217478.4811854362,"standard_error":180386.68379095232},"slope":null,"std_dev":{"confidence_interval":{"confidence_level":0.95,"lower_bound":1970837.593133777,"upper_bound":4788058.352812413},"point_estimate":3478665.982002091,"standard_error":725646.5678248774}}