{"mean":{"confidence_interval":{"confidence_level":0.95,"lower_bound":393272103.06125003,"upper_bound":394045578.04475},"point_estimate":393586978.94,"standard_error":202709.15133818056},"median":{"confidence_interval":{"confidence_level":0.95,"lower_bound":393210086.0,"upper_bound":393406880.0},"point_estimate":393287322.0,"standard_error":51818.59879027781},"median_abs_dev":{"confidence_interval":{"confidence_level":0.95,"lower_bound":315349.7557014227,"upper_bound":595451.2159386276},"point_estimate":474153.26278209686,"standard_error":74080.77965909625},"slope":null,"std_dev":{"confidence_interval":{"confidence_level":0.95,"lower_bound":402348.2565652451,"upper_bound":3260206.515091922},"point_estimate":2033704.1751669317,"standard_error":794372.3014727823}}