{"mean":{"confidence_interval":{"confidence_level":0.95,"lower_bound":399876919.25725,"upper_bound":402138554.252},"point_estimate":400987930.09,"standard_error":578696.1074244478},"median":{"confidence_interval":{"confidence_level":0.95,"lower_bound":396924335.0,"upper_bound":398100503.0},"point_estimate":397117735.0,"standard_error":348674.08161813545},"median_abs_dev":{"confidence_interval":{"confidence_level":0.95,"lower_bound":585451.3015061617,"upper_bound":2431819.0395265818},"point_estimate":947633.4251761436,"standard_error":539230.6067349983},"slope":null,"std_dev":{"confidence_interval":{"confidence_level":0.95,"lower_bound":5101343.428431016,"upper_bound":6325974.595158554},"point_estimate":5804394.044639022,"standard_error":311966.4601280132}}