{"mean":{"confidence_interval":{"confidence_level":0.95,"lower_bound":400325666.55474997,"upper_bound":402782766.349},"point_estimate":401517182.95,"standard_error":627248.598021523},"median":{"confidence_interval":{"confidence_level":0.95,"lower_bound":397242323.0,"upper_bound":399930758.0},"point_estimate":397968740.5,"standard_error":769168.2306860692},"median_abs_dev":{"confidence_interval":{"confidence_level":0.95,"lower_bound":1349078.5026490688,"upper_bound":5703720.736938715},"point_estimate":2413878.097245097,"standard_error":1244025.9128643335},"slope":null,"std_dev":{"confidence_interval":{"confidence_level":0.95,"lower_bound":5238216.192966356,"upper_bound":7291772.936233813},"point_estimate":6283881.36641004,"standard_error":525338.0682584514}}