{"mean":{"confidence_interval":{"confidence_level":0.95,"lower_bound":248550357.24975,"upper_bound":248762416.20375},"point_estimate":248647877.72,"standard_error":54130.75842560209},"median":{"confidence_interval":{"confidence_level":0.95,"lower_bound":248478691.0,"upper_bound":248698714.5},"point_estimate":248557653.5,"standard_error":54925.358516828775},"median_abs_dev":{"confidence_interval":{"confidence_level":0.95,"lower_bound":291458.3984255791,"upper_bound":465636.4672333002},"point_estimate":380301.71924829483,"standard_error":43927.28158138969},"slope":null,"std_dev":{"confidence_interval":{"confidence_level":0.95,"lower_bound":341858.9389781515,"upper_bound":768233.4458302001},"point_estimate":543634.3553012444,"standard_error":122061.19469523153}}