{"mean":{"confidence_interval":{"confidence_level":0.95,"lower_bound":313581940.55974996,"upper_bound":314083348.283},"point_estimate":313822420.24,"standard_error":127416.86978817776},"median":{"confidence_interval":{"confidence_level":0.95,"lower_bound":313394893.0,"upper_bound":313832383.5},"point_estimate":313700490.5,"standard_error":102038.02857313253},"median_abs_dev":{"confidence_interval":{"confidence_level":0.95,"lower_bound":702073.3567357063,"upper_bound":1101315.7168952362},"point_estimate":850729.2082965374,"standard_error":100594.49135977283},"slope":null,"std_dev":{"confidence_interval":{"confidence_level":0.95,"lower_bound":944071.7737473184,"upper_bound":1580842.9617659461},"point_estimate":1281382.900487359,"standard_error":163083.021874126}}