{"mean":{"confidence_interval":{"confidence_level":0.95,"lower_bound":320731833.53125,"upper_bound":321145610.794},"point_estimate":320934570.69,"standard_error":105882.73248453885},"median":{"confidence_interval":{"confidence_level":0.95,"lower_bound":320700378.0,"upper_bound":321146810.0},"point_estimate":320905496.5,"standard_error":112516.49150847692},"median_abs_dev":{"confidence_interval":{"confidence_level":0.95,"lower_bound":603906.7059785129,"upper_bound":953772.1303671598},"point_estimate":812114.1506820917,"standard_error":89799.6310291136},"slope":null,"std_dev":{"confidence_interval":{"confidence_level":0.95,"lower_bound":843964.2754952236,"upper_bound":1270811.6523915052},"point_estimate":1066866.4296011345,"standard_error":109153.26975533027}}