{"mean":{"confidence_interval":{"confidence_level":0.95,"lower_bound":312918157.08024997,"upper_bound":313393013.754},"point_estimate":313146105.99,"standard_error":121487.87944741978},"median":{"confidence_interval":{"confidence_level":0.95,"lower_bound":312762503.5,"upper_bound":313248972.0},"point_estimate":313043014.0,"standard_error":139008.34247769177},"median_abs_dev":{"confidence_interval":{"confidence_level":0.95,"lower_bound":723788.9985501766,"upper_bound":1216211.3585854303},"point_estimate":910456.4895361662,"standard_error":125994.15883123333},"slope":null,"std_dev":{"confidence_interval":{"confidence_level":0.95,"lower_bound":932243.3216980906,"upper_bound":1499719.2345128744},"point_estimate":1222048.6284965721,"standard_error":145530.90689662148}}