{"mean":{"confidence_interval":{"confidence_level":0.95,"lower_bound":86367356.9634167,"upper_bound":86389043.02349998},"point_estimate":86378008.76000002,"standard_error":5541.8399248080395},"median":{"confidence_interval":{"confidence_level":0.95,"lower_bound":86363769.16666666,"upper_bound":86385477.5},"point_estimate":86376404.5,"standard_error":6458.14343772598},"median_abs_dev":{"confidence_interval":{"confidence_level":0.95,"lower_bound":38723.04031254334,"upper_bound":60055.43003380667},"point_estimate":49857.86031484236,"standard_error":5514.558732113959},"slope":null,"std_dev":{"confidence_interval":{"confidence_level":0.95,"lower_bound":44436.68513398708,"upper_bound":66704.66098703044},"point_estimate":55607.89650350428,"standard_error":5736.919955048675}}