{"mean":{"confidence_interval":{"confidence_level":0.95,"lower_bound":221316975.83325,"upper_bound":221472951.07750002},"point_estimate":221393005.54,"standard_error":39874.57789142933},"median":{"confidence_interval":{"confidence_level":0.95,"lower_bound":221230720.0,"upper_bound":221409847.0},"point_estimate":221323715.0,"standard_error":42451.70679084801},"median_abs_dev":{"confidence_interval":{"confidence_level":0.95,"lower_bound":256656.58794343472,"upper_bound":499064.3708523358},"point_estimate":373636.69106662273,"standard_error":64351.68423360612},"slope":null,"std_dev":{"confidence_interval":{"confidence_level":0.95,"lower_bound":331829.95414481784,"upper_bound":464423.5708325897},"point_estimate":400681.5798741601,"standard_error":33919.870425596884}}