{"mean":{"confidence_interval":{"confidence_level":0.95,"lower_bound":222827531.394,"upper_bound":223137872.7725},"point_estimate":222966148.18,"standard_error":79508.07601942544},"median":{"confidence_interval":{"confidence_level":0.95,"lower_bound":222772894.0,"upper_bound":223025371.0},"point_estimate":222857295.0,"standard_error":60692.2444358725},"median_abs_dev":{"confidence_interval":{"confidence_level":0.95,"lower_bound":351084.1215670109,"upper_bound":574881.1049938202},"point_estimate":454291.61223471165,"standard_error":57097.25406890521},"slope":null,"std_dev":{"confidence_interval":{"confidence_level":0.95,"lower_bound":452223.0967285045,"upper_bound":1182543.8577619223},"point_estimate":799445.7601492257,"standard_error":220371.56878335305}}