{"mean":{"confidence_interval":{"confidence_level":0.95,"lower_bound":239409485.4535,"upper_bound":241418139.14975},"point_estimate":240396270.72,"standard_error":511829.37259322975},"median":{"confidence_interval":{"confidence_level":0.95,"lower_bound":237949915.0,"upper_bound":239472666.0},"point_estimate":238612969.0,"standard_error":402566.21327411535},"median_abs_dev":{"confidence_interval":{"confidence_level":0.95,"lower_bound":3302231.986373663,"upper_bound":6264099.048990011},"point_estimate":4486834.554442763,"standard_error":750622.1393975553},"slope":null,"std_dev":{"confidence_interval":{"confidence_level":0.95,"lower_bound":4463531.318297612,"upper_bound":5698318.57394929},"point_estimate":5134498.387337282,"standard_error":314371.77853637096}}