{"mean":{"confidence_interval":{"confidence_level":0.95,"lower_bound":85825835.85658337,"upper_bound":86564541.97500002},"point_estimate":86182627.28333332,"standard_error":189545.5592111354},"median":{"confidence_interval":{"confidence_level":0.95,"lower_bound":85354847.83333333,"upper_bound":85684973.0},"point_estimate":85438985.0,"standard_error":93233.77042642348},"median_abs_dev":{"confidence_interval":{"confidence_level":0.95,"lower_bound":558060.5140924306,"upper_bound":1656684.8857879601},"point_estimate":1248767.0239299573,"standard_error":317329.9055950484},"slope":null,"std_dev":{"confidence_interval":{"confidence_level":0.95,"lower_bound":1509066.3739990469,"upper_bound":2248723.723787208},"point_estimate":1901972.5943773072,"standard_error":188865.7057124831}}