{"mean":{"confidence_interval":{"confidence_level":0.95,"lower_bound":71142802.34341669,"upper_bound":71188297.1105},"point_estimate":71165595.19,"standard_error":11554.747812909385},"median":{"confidence_interval":{"confidence_level":0.95,"lower_bound":71160574.66666666,"upper_bound":71201083.33333333},"point_estimate":71178248.66666666,"standard_error":10861.531805700608},"median_abs_dev":{"confidence_interval":{"confidence_level":0.95,"lower_bound":65729.58723306656,"upper_bound":128520.41421829918},"point_estimate":92605.17115594429,"standard_error":16614.815132325886},"slope":null,"std_dev":{"confidence_interval":{"confidence_level":0.95,"lower_bound":97569.13195876036,"upper_bound":133439.39589998862},"point_estimate":116243.80336821811,"standard_error":9191.063583987941}}