{"mean":{"confidence_interval":{"confidence_level":0.95,"lower_bound":83596700.7985833,"upper_bound":83768074.62566665},"point_estimate":83675140.4066667,"standard_error":44027.608220575465},"median":{"confidence_interval":{"confidence_level":0.95,"lower_bound":83541516.5,"upper_bound":83666710.66666667},"point_estimate":83600132.33333334,"standard_error":29696.923512552246},"median_abs_dev":{"confidence_interval":{"confidence_level":0.95,"lower_bound":231374.55189228058,"upper_bound":359989.8463313806},"point_estimate":309929.37019765377,"standard_error":34969.80890658927},"slope":null,"std_dev":{"confidence_interval":{"confidence_level":0.95,"lower_bound":261089.38344857644,"upper_bound":605400.9204482636},"point_estimate":443029.35426601925,"standard_error":88852.7410449845}}