{"mean":{"confidence_interval":{"confidence_level":0.95,"lower_bound":171375429.94774997,"upper_bound":171785472.78562498},"point_estimate":171577870.93,"standard_error":104542.54222329498},"median":{"confidence_interval":{"confidence_level":0.95,"lower_bound":171165601.25,"upper_bound":171503571.68124998},"point_estimate":171415132.25,"standard_error":95600.37366039031},"median_abs_dev":{"confidence_interval":{"confidence_level":0.95,"lower_bound":592150.058837235,"upper_bound":1188583.8308434184},"point_estimate":1018557.3014169931,"standard_error":165580.32593146234},"slope":null,"std_dev":{"confidence_interval":{"confidence_level":0.95,"lower_bound":783858.1816540037,"upper_bound":1321119.4530201876},"point_estimate":1051155.6399614753,"standard_error":138649.19396930796}}