{"mean":{"confidence_interval":{"confidence_level":0.95,"lower_bound":296651464.94350004,"upper_bound":297251902.87075},"point_estimate":296936637.12,"standard_error":153170.86087646804},"median":{"confidence_interval":{"confidence_level":0.95,"lower_bound":296977247.5,"upper_bound":297163348.0},"point_estimate":297064449.0,"standard_error":49332.65224039057},"median_abs_dev":{"confidence_interval":{"confidence_level":0.95,"lower_bound":410121.271051392,"upper_bound":1402266.7767047882},"point_estimate":761276.5388846397,"standard_error":296757.7625365183},"slope":null,"std_dev":{"confidence_interval":{"confidence_level":0.95,"lower_bound":1082369.8313798178,"upper_bound":1961253.04914017},"point_estimate":1544137.9098211122,"standard_error":227048.62523587683}}