{"mean":{"confidence_interval":{"confidence_level":0.95,"lower_bound":91771484.78299999,"upper_bound":92070560.54075},"point_estimate":91915507.18,"standard_error":76453.57727858335},"median":{"confidence_interval":{"confidence_level":0.95,"lower_bound":91524691.33333334,"upper_bound":91597132.33333334},"point_estimate":91556845.0,"standard_error":19839.295564331038},"median_abs_dev":{"confidence_interval":{"confidence_level":0.95,"lower_bound":114840.217161197,"upper_bound":262783.4323346615},"point_estimate":177228.51825356483,"standard_error":38904.50054291072},"slope":null,"std_dev":{"confidence_interval":{"confidence_level":0.95,"lower_bound":630999.4634448974,"upper_bound":894699.06229779},"point_estimate":767752.9548298012,"standard_error":67498.96300095333}}