{"mean":{"confidence_interval":{"confidence_level":0.95,"lower_bound":220859930.45749998,"upper_bound":220995361.9015},"point_estimate":220927162.7,"standard_error":34570.648842465795},"median":{"confidence_interval":{"confidence_level":0.95,"lower_bound":220799088.0,"upper_bound":221020247.0},"point_estimate":220923492.5,"standard_error":58045.984827950466},"median_abs_dev":{"confidence_interval":{"confidence_level":0.95,"lower_bound":307979.54737477005,"upper_bound":455721.57990932465},"point_estimate":397984.68913435936,"standard_error":36529.76559887436},"slope":null,"std_dev":{"confidence_interval":{"confidence_level":0.95,"lower_bound":305184.8553482906,"upper_bound":387333.51972193347},"point_estimate":348812.4759089435,"standard_error":20965.990243359658}}