{"mean":{"confidence_interval":{"confidence_level":0.95,"lower_bound":42359182.602875,"upper_bound":42399893.93925},"point_estimate":42380123.175,"standard_error":10413.55216301934},"median":{"confidence_interval":{"confidence_level":0.95,"lower_bound":42361316.5,"upper_bound":42407626.5},"point_estimate":42387096.75,"standard_error":11752.74319364799},"median_abs_dev":{"confidence_interval":{"confidence_level":0.95,"lower_bound":74373.88637959957,"upper_bound":117255.49606829882},"point_estimate":97086.57667636871,"standard_error":10784.573849759328},"slope":null,"std_dev":{"confidence_interval":{"confidence_level":0.95,"lower_bound":85746.50120696338,"upper_bound":121172.81732420342},"point_estimate":104334.67429964985,"standard_error":9003.98251759025}}