{"mean":{"confidence_interval":{"confidence_level":0.95,"lower_bound":41769352.438875,"upper_bound":41894300.8995},"point_estimate":41826005.15,"standard_error":31994.049757107783},"median":{"confidence_interval":{"confidence_level":0.95,"lower_bound":41723881.0,"upper_bound":41804550.0},"point_estimate":41769600.75,"standard_error":19545.903231994365},"median_abs_dev":{"confidence_interval":{"confidence_level":0.95,"lower_bound":115613.14594745636,"upper_bound":207572.15061485767},"point_estimate":163263.9091014862,"standard_error":23559.12925648798},"slope":null,"std_dev":{"confidence_interval":{"confidence_level":0.95,"lower_bound":167959.77284421978,"upper_bound":453214.52697361604},"point_estimate":321559.6283619812,"standard_error":73346.9212222669}}