{"mean":{"confidence_interval":{"confidence_level":0.95,"lower_bound":122026273.23025,"upper_bound":122264063.44925},"point_estimate":122140278.425,"standard_error":60719.34140580377},"median":{"confidence_interval":{"confidence_level":0.95,"lower_bound":121921664.0,"upper_bound":122093350.5},"point_estimate":121997391.25,"standard_error":41528.32363596489},"median_abs_dev":{"confidence_interval":{"confidence_level":0.95,"lower_bound":277723.5922694206,"upper_bound":508793.49766585976},"point_estimate":409799.1576746106,"standard_error":60481.51253072099},"slope":null,"std_dev":{"confidence_interval":{"confidence_level":0.95,"lower_bound":446553.1473484438,"upper_bound":748640.4267249487},"point_estimate":608417.7818895465,"standard_error":77321.96929364164}}