{"mean":{"confidence_interval":{"confidence_level":0.95,"lower_bound":116207570.650125,"upper_bound":116515357.29699999},"point_estimate":116360554.3,"standard_error":78501.54438811222},"median":{"confidence_interval":{"confidence_level":0.95,"lower_bound":116123460.75,"upper_bound":116523895.5},"point_estimate":116309309.75,"standard_error":106097.78482891119},"median_abs_dev":{"confidence_interval":{"confidence_level":0.95,"lower_bound":531773.7694591284,"upper_bound":947309.1064319015},"point_estimate":688695.8571732044,"standard_error":111055.85199568541},"slope":null,"std_dev":{"confidence_interval":{"confidence_level":0.95,"lower_bound":678738.1576513893,"upper_bound":886507.9803401242},"point_estimate":788775.2711210435,"standard_error":53092.78217781099}}