{"mean":{"confidence_interval":{"confidence_level":0.95,"lower_bound":426502214.643,"upper_bound":426949603.26275},"point_estimate":426717656.73,"standard_error":114475.30938748784},"median":{"confidence_interval":{"confidence_level":0.95,"lower_bound":426278113.5,"upper_bound":426631591.5},"point_estimate":426394039.0,"standard_error":88999.26977720945},"median_abs_dev":{"confidence_interval":{"confidence_level":0.95,"lower_bound":567609.6934229144,"upper_bound":1057204.7167758627},"point_estimate":796767.7583545446,"standard_error":126944.91786958277},"slope":null,"std_dev":{"confidence_interval":{"confidence_level":0.95,"lower_bound":907723.9000640898,"upper_bound":1354893.880366831},"point_estimate":1147515.4547711518,"standard_error":114247.54934151474}}