{"mean":{"confidence_interval":{"confidence_level":0.95,"lower_bound":446007635.16324997,"upper_bound":449233276.47375},"point_estimate":447586167.05,"standard_error":824905.4674439755},"median":{"confidence_interval":{"confidence_level":0.95,"lower_bound":444014446.0,"upper_bound":446612249.0},"point_estimate":445486732.0,"standard_error":608706.2590953122},"median_abs_dev":{"confidence_interval":{"confidence_level":0.95,"lower_bound":3955468.759431392,"upper_bound":7246108.778455853},"point_estimate":5541532.454118133,"standard_error":841358.5183023488},"slope":null,"std_dev":{"confidence_interval":{"confidence_level":0.95,"lower_bound":7116166.125836959,"upper_bound":9199236.022946894},"point_estimate":8270252.849855344,"standard_error":530917.6189387748}}