{"mean":{"confidence_interval":{"confidence_level":0.95,"lower_bound":803893143.08975,"upper_bound":808841348.9207499},"point_estimate":806374521.78,"standard_error":1261588.2709406684},"median":{"confidence_interval":{"confidence_level":0.95,"lower_bound":806447617.0,"upper_bound":808038911.0},"point_estimate":806837967.0,"standard_error":388335.4562491043},"median_abs_dev":{"confidence_interval":{"confidence_level":0.95,"lower_bound":5371354.3288444,"upper_bound":16216401.970136303},"point_estimate":12685358.142989874,"standard_error":2828889.014010606},"slope":null,"std_dev":{"confidence_interval":{"confidence_level":0.95,"lower_bound":10924801.53987671,"upper_bound":14311779.549645938},"point_estimate":12676680.260331633,"standard_error":862279.6308503397}}