{"mean":{"confidence_interval":{"confidence_level":0.95,"lower_bound":60804550.3449375,"upper_bound":61392508.3300625},"point_estimate":61078825.9825,"standard_error":150947.32416048812},"median":{"confidence_interval":{"confidence_level":0.95,"lower_bound":60463772.5,"upper_bound":60517049.625},"point_estimate":60489725.5,"standard_error":15360.044385035766},"median_abs_dev":{"confidence_interval":{"confidence_level":0.95,"lower_bound":92778.88245284557,"upper_bound":212723.68051277474},"point_estimate":162179.0165707469,"standard_error":33388.69694082614},"slope":null,"std_dev":{"confidence_interval":{"confidence_level":0.95,"lower_bound":1021084.2955211729,"upper_bound":1899609.4463522274},"point_estimate":1515216.9897199026,"standard_error":224344.9879041909}}