{"mean":{"confidence_interval":{"confidence_level":0.95,"lower_bound":55263367.241000004,"upper_bound":55415142.425937496},"point_estimate":55337229.285,"standard_error":38646.14105146834},"median":{"confidence_interval":{"confidence_level":0.95,"lower_bound":55094093.75,"upper_bound":55150358.25},"point_estimate":55115109.0,"standard_error":13591.306861865141},"median_abs_dev":{"confidence_interval":{"confidence_level":0.95,"lower_bound":55112.25330781192,"upper_bound":133009.23273861408},"point_estimate":80004.43042963743,"standard_error":19734.796451061702},"slope":null,"std_dev":{"confidence_interval":{"confidence_level":0.95,"lower_bound":338537.4968346111,"upper_bound":421567.3433871937},"point_estimate":387753.4566703297,"standard_error":21347.918133271945}}