{"mean":{"confidence_interval":{"confidence_level":0.95,"lower_bound":61383896.599625,"upper_bound":61421894.0483125},"point_estimate":61402830.4975,"standard_error":9713.777074448672},"median":{"confidence_interval":{"confidence_level":0.95,"lower_bound":61372228.625,"upper_bound":61430984.125},"point_estimate":61403112.0,"standard_error":15779.907745571589},"median_abs_dev":{"confidence_interval":{"confidence_level":0.95,"lower_bound":86940.40375649929,"upper_bound":133353.19593250751},"point_estimate":114902.23926007748,"standard_error":11144.652637882986},"slope":null,"std_dev":{"confidence_interval":{"confidence_level":0.95,"lower_bound":85250.65027738389,"upper_bound":107716.43569196912},"point_estimate":97099.78973847957,"standard_error":5712.9201954086}}