{"mean":{"confidence_interval":{"confidence_level":0.95,"lower_bound":61755273.1715625,"upper_bound":61816396.5460625},"point_estimate":61784205.065,"standard_error":15603.793660253863},"median":{"confidence_interval":{"confidence_level":0.95,"lower_bound":61714017.75,"upper_bound":61801119.0},"point_estimate":61746598.875,"standard_error":22154.478936680818},"median_abs_dev":{"confidence_interval":{"confidence_level":0.95,"lower_bound":94107.29202926159,"upper_bound":151384.3914873898},"point_estimate":133305.19675835967,"standard_error":14213.039132796961},"slope":null,"std_dev":{"confidence_interval":{"confidence_level":0.95,"lower_bound":110233.63444690393,"upper_bound":198118.07216830747},"point_estimate":156799.61147321458,"standard_error":22247.600994052817}}