{"mean":{"confidence_interval":{"confidence_level":0.95,"lower_bound":-0.027513610394822967,"upper_bound":-0.007145245814777992},"point_estimate":-0.017531256340050483,"standard_error":0.005193831035908179},"median":{"confidence_interval":{"confidence_level":0.95,"lower_bound":-0.06379086086572816,"upper_bound":0.009749703854832275},"point_estimate":-0.04011519478601211,"standard_error":0.019165301521583116}}