{"mean":{"confidence_interval":{"confidence_level":0.95,"lower_bound":282116357.83075005,"upper_bound":282822494.74825},"point_estimate":282468989.14,"standard_error":180304.62741213402},"median":{"confidence_interval":{"confidence_level":0.95,"lower_bound":282745519.0,"upper_bound":283093682.0},"point_estimate":282873204.0,"standard_error":92491.58711648492},"median_abs_dev":{"confidence_interval":{"confidence_level":0.95,"lower_bound":432510.32830640685,"upper_bound":785594.143652916},"point_estimate":561095.8904385567,"standard_error":94330.41486250199},"slope":null,"std_dev":{"confidence_interval":{"confidence_level":0.95,"lower_bound":1468446.1685959615,"upper_bound":2143845.6397224986},"point_estimate":1815934.6494770274,"standard_error":172718.4232945242}}