{"mean":{"confidence_interval":{"confidence_level":0.95,"lower_bound":278975572.5455,"upper_bound":279371801.04875004},"point_estimate":279173083.98,"standard_error":101140.90933465924},"median":{"confidence_interval":{"confidence_level":0.95,"lower_bound":279201770.0,"upper_bound":279500440.0},"point_estimate":279282340.5,"standard_error":81531.91865186441},"median_abs_dev":{"confidence_interval":{"confidence_level":0.95,"lower_bound":431539.63303864,"upper_bound":793206.6088152671},"point_estimate":648502.5718867779,"standard_error":95469.97342017539},"slope":null,"std_dev":{"confidence_interval":{"confidence_level":0.95,"lower_bound":831371.5651102512,"upper_bound":1192647.2164681891},"point_estimate":1019338.0504173115,"standard_error":92148.18004626926}}