{"mean":{"confidence_interval":{"confidence_level":0.95,"lower_bound":167129561.57099998,"upper_bound":167333024.41500002},"point_estimate":167220401.255,"standard_error":52527.33006712482},"median":{"confidence_interval":{"confidence_level":0.95,"lower_bound":167094091.5,"upper_bound":167155457.5},"point_estimate":167117063.5,"standard_error":15988.111294244405},"median_abs_dev":{"confidence_interval":{"confidence_level":0.95,"lower_bound":113054.70656912775,"upper_bound":184837.22131848335},"point_estimate":145900.068859756,"standard_error":18091.614383708802},"slope":null,"std_dev":{"confidence_interval":{"confidence_level":0.95,"lower_bound":226457.05868770706,"upper_bound":769830.7492546523},"point_estimate":530276.7604865297,"standard_error":139547.42682096185}}