{"mean":{"confidence_interval":{"confidence_level":0.95,"lower_bound":170713630.966875,"upper_bound":171110117.47825},"point_estimate":170920027.02,"standard_error":101328.38610206752},"median":{"confidence_interval":{"confidence_level":0.95,"lower_bound":170943671.5,"upper_bound":171236849.5},"point_estimate":171074055.5,"standard_error":72397.62269022765},"median_abs_dev":{"confidence_interval":{"confidence_level":0.95,"lower_bound":358069.02069300413,"upper_bound":666361.2298697233},"point_estimate":486210.507068038,"standard_error":75952.71231211786},"slope":null,"std_dev":{"confidence_interval":{"confidence_level":0.95,"lower_bound":748441.0424437643,"upper_bound":1242652.3692121885},"point_estimate":1018034.6223510891,"standard_error":126372.0044857467}}