{"mean":{"confidence_interval":{"confidence_level":0.95,"lower_bound":295298666.532,"upper_bound":295687293.87700003},"point_estimate":295499140.6,"standard_error":99381.612964691},"median":{"confidence_interval":{"confidence_level":0.95,"lower_bound":295458224.0,"upper_bound":295726428.0},"point_estimate":295595218.5,"standard_error":77194.62520703516},"median_abs_dev":{"confidence_interval":{"confidence_level":0.95,"lower_bound":363979.0348380804,"upper_bound":724985.4567289352},"point_estimate":512194.55420672894,"standard_error":89502.33432803601},"slope":null,"std_dev":{"confidence_interval":{"confidence_level":0.95,"lower_bound":783501.8158101583,"upper_bound":1179692.4405308417},"point_estimate":1000961.0536421201,"standard_error":100957.77512073069}}