{"mean":{"confidence_interval":{"confidence_level":0.95,"lower_bound":-0.002200597673050053,"upper_bound":0.0002546630564156103},"point_estimate":-0.0009026598869420477,"standard_error":0.0006254378629845942},"median":{"confidence_interval":{"confidence_level":0.95,"lower_bound":-0.000657963919553417,"upper_bound":0.0013043229524545286},"point_estimate":0.00038674361015234027,"standard_error":0.0005568209230821316}}