{"mean":{"confidence_interval":{"confidence_level":0.95,"lower_bound":-0.0011312709598203764,"upper_bound":0.0006229896517415946},"point_estimate":-0.00029897465299066894,"standard_error":0.000447047779374253},"median":{"confidence_interval":{"confidence_level":0.95,"lower_bound":-0.0018183451872000322,"upper_bound":-0.00020393433420129448},"point_estimate":-0.0007928060387990543,"standard_error":0.0004233491197296984}}