{"mean":{"confidence_interval":{"confidence_level":0.95,"lower_bound":0.00647561018185617,"upper_bound":0.01307488071457578},"point_estimate":0.00976182217854027,"standard_error":0.0016796883477306504},"median":{"confidence_interval":{"confidence_level":0.95,"lower_bound":0.007597929374271395,"upper_bound":0.00893625007598775},"point_estimate":0.0081140837352629,"standard_error":0.0003577987013579514}}