{"mean":{"confidence_interval":{"confidence_level":0.95,"lower_bound":-0.002530742790636006,"upper_bound":0.0008108082750121356},"point_estimate":-0.0009932799258351999,"standard_error":0.000847633611939156},"median":{"confidence_interval":{"confidence_level":0.95,"lower_bound":-0.002213663348789252,"upper_bound":-0.0008638531298846841},"point_estimate":-0.0014100696269222501,"standard_error":0.0003548035685345209}}