{"mean":{"confidence_interval":{"confidence_level":0.95,"lower_bound":0.006761215323539421,"upper_bound":0.010198446300300123},"point_estimate":0.008526070252754758,"standard_error":0.0008789051360621477},"median":{"confidence_interval":{"confidence_level":0.95,"lower_bound":0.006212843012474822,"upper_bound":0.008800207367236856},"point_estimate":0.007784142462758714,"standard_error":0.0007143892072057855}}