{"mean":{"confidence_interval":{"confidence_level":0.95,"lower_bound":0.006320161895947589,"upper_bound":0.018720310906511776},"point_estimate":0.012610518582621966,"standard_error":0.0031673470850511923},"median":{"confidence_interval":{"confidence_level":0.95,"lower_bound":0.017576344191532867,"upper_bound":0.02638265816160512},"point_estimate":0.023554445144311487,"standard_error":0.002284925133615017}}