{"mean":{"confidence_interval":{"confidence_level":0.95,"lower_bound":54608589.553875,"upper_bound":57200000.481000006},"point_estimate":55863750.91,"standard_error":663744.0186056586},"median":{"confidence_interval":{"confidence_level":0.95,"lower_bound":52438980.5,"upper_bound":55605314.0},"point_estimate":53508259.25,"standard_error":750719.7264152608},"median_abs_dev":{"confidence_interval":{"confidence_level":0.95,"lower_bound":3461056.611237712,"upper_bound":6685399.4759604335},"point_estimate":4777347.795385122,"standard_error":750736.4035824599},"slope":null,"std_dev":{"confidence_interval":{"confidence_level":0.95,"lower_bound":5196832.35129071,"upper_bound":7969005.170932876},"point_estimate":6664001.583190778,"standard_error":709624.7446394264}}