{"mean":{"confidence_interval":{"confidence_level":0.95,"lower_bound":95393511.76283334,"upper_bound":95424544.79400001},"point_estimate":95408242.04333334,"standard_error":7919.128350920588},"median":{"confidence_interval":{"confidence_level":0.95,"lower_bound":95388759.33333334,"upper_bound":95423752.33333333},"point_estimate":95408613.33333334,"standard_error":9578.31767237542},"median_abs_dev":{"confidence_interval":{"confidence_level":0.95,"lower_bound":43851.353621475486,"upper_bound":69651.80546343327},"point_estimate":53895.47424316406,"standard_error":6879.6529674536},"slope":null,"std_dev":{"confidence_interval":{"confidence_level":0.95,"lower_bound":55212.710351335234,"upper_bound":105832.69960908731},"point_estimate":79709.38937698738,"standard_error":13420.733962308566}}