{"mean":{"confidence_interval":{"confidence_level":0.95,"lower_bound":96049437.01516667,"upper_bound":96121005.62450002},"point_estimate":96084520.88666664,"standard_error":18254.057859961602},"median":{"confidence_interval":{"confidence_level":0.95,"lower_bound":96002078.0,"upper_bound":96065036.66666666},"point_estimate":96034757.5,"standard_error":16115.249106048968},"median_abs_dev":{"confidence_interval":{"confidence_level":0.95,"lower_bound":101868.40637145276,"upper_bound":216825.79835058365},"point_estimate":155142.96774566174,"standard_error":30397.171548029364},"slope":null,"std_dev":{"confidence_interval":{"confidence_level":0.95,"lower_bound":158478.90467763468,"upper_bound":203845.3531136694},"point_estimate":183167.90854473837,"standard_error":11570.965917141437}}