{"mean":{"confidence_interval":{"confidence_level":0.95,"lower_bound":186583539.07025,"upper_bound":215576588.31225},"point_estimate":196583792.56,"standard_error":9136169.206467517},"median":{"confidence_interval":{"confidence_level":0.95,"lower_bound":185285803.0,"upper_bound":186264835.5},"point_estimate":185722992.5,"standard_error":299680.34801828227},"median_abs_dev":{"confidence_interval":{"confidence_level":0.95,"lower_bound":1983833.666279912,"upper_bound":5691067.265073351},"point_estimate":3825043.8096418977,"standard_error":920439.0351351937},"slope":null,"std_dev":{"confidence_interval":{"confidence_level":0.95,"lower_bound":5004056.476776036,"upper_bound":156694786.57443017},"point_estimate":91462475.50102016,"standard_error":54849111.0306946}}