{"mean":{"confidence_interval":{"confidence_level":0.95,"lower_bound":108129390.161625,"upper_bound":108360976.43012501},"point_estimate":108247444.8,"standard_error":59182.87878861207},"median":{"confidence_interval":{"confidence_level":0.95,"lower_bound":108173792.5,"upper_bound":108366374.75},"point_estimate":108272095.25,"standard_error":48759.94761314673},"median_abs_dev":{"confidence_interval":{"confidence_level":0.95,"lower_bound":303104.2212188244,"upper_bound":617812.7524316311},"point_estimate":431671.5844362974,"standard_error":81648.83481838967},"slope":null,"std_dev":{"confidence_interval":{"confidence_level":0.95,"lower_bound":501928.19146658457,"upper_bound":672795.59800899},"point_estimate":594300.141179161,"standard_error":43512.02922042753}}