{"mean":{"confidence_interval":{"confidence_level":0.95,"lower_bound":67561804.343875,"upper_bound":74687274.086},"point_estimate":70862977.36,"standard_error":1821706.77574526},"median":{"confidence_interval":{"confidence_level":0.95,"lower_bound":63783243.0,"upper_bound":68732336.5},"point_estimate":65725524.75,"standard_error":1065701.1400775725},"median_abs_dev":{"confidence_interval":{"confidence_level":0.95,"lower_bound":6870156.636880338,"upper_bound":11391245.922414958},"point_estimate":9076686.456106603,"standard_error":1149318.1713988027},"slope":null,"std_dev":{"confidence_interval":{"confidence_level":0.95,"lower_bound":11588016.753602585,"upper_bound":25155611.01681509},"point_estimate":18334012.45354848,"standard_error":3647379.4902525516}}