{"mean":{"confidence_interval":{"confidence_level":0.95,"lower_bound":260556670.62475002,"upper_bound":261037267.65774998},"point_estimate":260772690.59,"standard_error":123548.43988653489},"median":{"confidence_interval":{"confidence_level":0.95,"lower_bound":260405532.0,"upper_bound":260526801.5},"point_estimate":260457393.5,"standard_error":34567.27212477919},"median_abs_dev":{"confidence_interval":{"confidence_level":0.95,"lower_bound":166530.81814348698,"upper_bound":330325.4980355501},"point_estimate":212805.7285219431,"standard_error":44827.18484639308},"slope":null,"std_dev":{"confidence_interval":{"confidence_level":0.95,"lower_bound":602699.89686289,"upper_bound":1764801.4198532822},"point_estimate":1245070.8054662533,"standard_error":296656.0446974558}}