{"mean":{"confidence_interval":{"confidence_level":0.95,"lower_bound":228496902.50474998,"upper_bound":228760595.56199998},"point_estimate":228616238.61,"standard_error":67479.36257250689},"median":{"confidence_interval":{"confidence_level":0.95,"lower_bound":228389879.5,"upper_bound":228516317.5},"point_estimate":228428767.0,"standard_error":34093.4236851185},"median_abs_dev":{"confidence_interval":{"confidence_level":0.95,"lower_bound":172436.0138386488,"upper_bound":320185.2555155754},"point_estimate":222064.56535756588,"standard_error":36978.77530674476},"slope":null,"std_dev":{"confidence_interval":{"confidence_level":0.95,"lower_bound":361178.4750428535,"upper_bound":928581.2243928282},"point_estimate":675775.8475202672,"standard_error":144178.76900030553}}