{"mean":{"confidence_interval":{"confidence_level":0.95,"lower_bound":220490689.574,"upper_bound":221020539.64825},"point_estimate":220734751.31,"standard_error":135527.885228449},"median":{"confidence_interval":{"confidence_level":0.95,"lower_bound":220241603.0,"upper_bound":220589571.42499998},"point_estimate":220409925.5,"standard_error":92523.22874485586},"median_abs_dev":{"confidence_interval":{"confidence_level":0.95,"lower_bound":547328.4670829773,"upper_bound":834455.4496854544},"point_estimate":685529.7649294138,"standard_error":74769.39507702526},"slope":null,"std_dev":{"confidence_interval":{"confidence_level":0.95,"lower_bound":827895.4733895614,"upper_bound":1862788.589260435},"point_estimate":1364577.252517821,"standard_error":268733.02985739335}}