{"mean":{"confidence_interval":{"confidence_level":0.95,"lower_bound":231023470.11400002,"upper_bound":231533586.62800002},"point_estimate":231243963.14,"standard_error":131128.42349946997},"median":{"confidence_interval":{"confidence_level":0.95,"lower_bound":230904439.0,"upper_bound":231119572.0},"point_estimate":230981118.5,"standard_error":43019.352052426475},"median_abs_dev":{"confidence_interval":{"confidence_level":0.95,"lower_bound":271353.60148251057,"upper_bound":400233.7932944298},"point_estimate":321019.95930075645,"standard_error":32569.24678001803},"slope":null,"std_dev":{"confidence_interval":{"confidence_level":0.95,"lower_bound":397454.33235238324,"upper_bound":1979713.8245639526},"point_estimate":1315070.0261721287,"standard_error":391337.2678282833}}