{"mean":{"confidence_interval":{"confidence_level":0.95,"lower_bound":-0.022369586572557935,"upper_bound":-0.01463320461217068},"point_estimate":-0.0182779875323833,"standard_error":0.001985885579683374},"median":{"confidence_interval":{"confidence_level":0.95,"lower_bound":-0.013513797702780161,"upper_bound":-0.012048103564587853},"point_estimate":-0.012688056775540746,"standard_error":0.0003784862118518598}}