{"mean":{"confidence_interval":{"confidence_level":0.95,"lower_bound":53789710.620249994,"upper_bound":53982440.45375},"point_estimate":53876680.47,"standard_error":49509.592951455175},"median":{"confidence_interval":{"confidence_level":0.95,"lower_bound":53708787.0,"upper_bound":53817674.0},"point_estimate":53778441.5,"standard_error":29872.273242096177},"median_abs_dev":{"confidence_interval":{"confidence_level":0.95,"lower_bound":148912.34135627747,"upper_bound":248205.02679347992},"point_estimate":196033.07501971722,"standard_error":25849.655652902966},"slope":null,"std_dev":{"confidence_interval":{"confidence_level":0.95,"lower_bound":259190.1336748409,"upper_bound":703037.100748406},"point_estimate":498091.2833849533,"standard_error":114576.2713724405}}