{"mean":{"confidence_interval":{"confidence_level":0.95,"lower_bound":96785843.60008329,"upper_bound":97360848.06449999},"point_estimate":97074908.44333333,"standard_error":146446.0674619106},"median":{"confidence_interval":{"confidence_level":0.95,"lower_bound":96761441.33333333,"upper_bound":97365771.0},"point_estimate":97139841.0,"standard_error":147585.64838197632},"median_abs_dev":{"confidence_interval":{"confidence_level":0.95,"lower_bound":1070055.6586027108,"upper_bound":1665617.7977293767},"point_estimate":1322066.5195286348,"standard_error":145121.06875722585},"slope":null,"std_dev":{"confidence_interval":{"confidence_level":0.95,"lower_bound":1248962.1358245807,"upper_bound":1682986.7194688416},"point_estimate":1473814.2648626307,"standard_error":110824.2582210344}}