{"mean":{"confidence_interval":{"confidence_level":0.95,"lower_bound":106135081.1115,"upper_bound":106899513.00587499},"point_estimate":106522115.615,"standard_error":194842.89652148515},"median":{"confidence_interval":{"confidence_level":0.95,"lower_bound":106035707.0,"upper_bound":107245813.75},"point_estimate":106328700.75,"standard_error":302206.43728945486},"median_abs_dev":{"confidence_interval":{"confidence_level":0.95,"lower_bound":1702536.2667739391,"upper_bound":2609771.8078672886},"point_estimate":2100990.569449961,"standard_error":223004.07292340236},"slope":null,"std_dev":{"confidence_interval":{"confidence_level":0.95,"lower_bound":1671717.5950506283,"upper_bound":2223406.7378726453},"point_estimate":1950549.8111932462,"standard_error":141016.58876924714}}