{"mean":{"confidence_interval":{"confidence_level":0.95,"lower_bound":102708755.706375,"upper_bound":103550454.82425},"point_estimate":103126821.53,"standard_error":214964.37959755142},"median":{"confidence_interval":{"confidence_level":0.95,"lower_bound":102486520.5,"upper_bound":103620957.0},"point_estimate":103148551.25,"standard_error":333083.0683581796},"median_abs_dev":{"confidence_interval":{"confidence_level":0.95,"lower_bound":1884407.6302413272,"upper_bound":3029389.1132175922},"point_estimate":2380976.9799292088,"standard_error":316006.36626418185},"slope":null,"std_dev":{"confidence_interval":{"confidence_level":0.95,"lower_bound":1857519.766802555,"upper_bound":2447533.4576473953},"point_estimate":2159875.209276297,"standard_error":151162.42396917174}}