{"mean":{"confidence_interval":{"confidence_level":0.95,"lower_bound":94545370.746125,"upper_bound":97866262.392875},"point_estimate":96064416.36,"standard_error":848155.5613661123},"median":{"confidence_interval":{"confidence_level":0.95,"lower_bound":93240236.75,"upper_bound":95551464.75},"point_estimate":94240687.25,"standard_error":565172.2459306887},"median_abs_dev":{"confidence_interval":{"confidence_level":0.95,"lower_bound":3207836.328649521,"upper_bound":5234709.501515329},"point_estimate":4475953.011935949,"standard_error":504896.5053716518},"slope":null,"std_dev":{"confidence_interval":{"confidence_level":0.95,"lower_bound":4623030.800004704,"upper_bound":11702248.690340143},"point_estimate":8520038.549151057,"standard_error":1794541.7285557257}}