{"mean":{"confidence_interval":{"confidence_level":0.95,"lower_bound":331264264.22475004,"upper_bound":331885478.57175},"point_estimate":331583334.31,"standard_error":158664.06048375773},"median":{"confidence_interval":{"confidence_level":0.95,"lower_bound":331603308.0,"upper_bound":331994361.0},"point_estimate":331836125.5,"standard_error":97308.23012697116},"median_abs_dev":{"confidence_interval":{"confidence_level":0.95,"lower_bound":536357.2272777557,"upper_bound":927214.3170386553},"point_estimate":710619.0629839897,"standard_error":100443.40367702926},"slope":null,"std_dev":{"confidence_interval":{"confidence_level":0.95,"lower_bound":1194363.6431226858,"upper_bound":1930575.5022597483},"point_estimate":1595287.4553681365,"standard_error":187710.7293289956}}