{"mean":{"confidence_interval":{"confidence_level":0.95,"lower_bound":324047005.29425,"upper_bound":324965082.43799996},"point_estimate":324479058.2,"standard_error":233505.02783228975},"median":{"confidence_interval":{"confidence_level":0.95,"lower_bound":324172403.5,"upper_bound":324950468.0},"point_estimate":324466834.0,"standard_error":172730.65636548775},"median_abs_dev":{"confidence_interval":{"confidence_level":0.95,"lower_bound":1086143.1038171053,"upper_bound":1658919.6581482887},"point_estimate":1315029.8529535532,"standard_error":141128.50928428356},"slope":null,"std_dev":{"confidence_interval":{"confidence_level":0.95,"lower_bound":1509029.089711934,"upper_bound":3231494.518716873},"point_estimate":2344289.87338624,"standard_error":456732.54445248126}}