{"mean":{"confidence_interval":{"confidence_level":0.95,"lower_bound":0.0002759485289229374,"upper_bound":0.003775433342425726},"point_estimate":0.0022851869712539052,"standard_error":0.0009047336346811768},"median":{"confidence_interval":{"confidence_level":0.95,"lower_bound":0.002473423532505903,"upper_bound":0.00363150906402328},"point_estimate":0.002974425615345222,"standard_error":0.00028553859489844247}}