{"mean":{"confidence_interval":{"confidence_level":0.95,"lower_bound":-0.09193593475705047,"upper_bound":-0.03321068441578458},"point_estimate":-0.055790537637688487,"standard_error":0.016403699021542175},"median":{"confidence_interval":{"confidence_level":0.95,"lower_bound":-0.018785324245185864,"upper_bound":-0.015599751754966307},"point_estimate":-0.016896049502628352,"standard_error":0.0013053482739335852}}