{"mean":{"confidence_interval":{"confidence_level":0.95,"lower_bound":242471252.594,"upper_bound":243976713.34025},"point_estimate":243183065.89,"standard_error":383709.7355000478},"median":{"confidence_interval":{"confidence_level":0.95,"lower_bound":241717546.5,"upper_bound":242725804.0},"point_estimate":242032741.0,"standard_error":269918.074524713},"median_abs_dev":{"confidence_interval":{"confidence_level":0.95,"lower_bound":2138279.812037945,"upper_bound":3812328.6616176367},"point_estimate":2877854.0525078773,"standard_error":427073.1239188771},"slope":null,"std_dev":{"confidence_interval":{"confidence_level":0.95,"lower_bound":2758544.61073263,"upper_bound":4927653.327763882},"point_estimate":3859476.3971510776,"standard_error":562222.2306195113}}