{"mean":{"confidence_interval":{"confidence_level":0.95,"lower_bound":291206293.98275,"upper_bound":293963225.37525},"point_estimate":292461714.84,"standard_error":708230.8779241468},"median":{"confidence_interval":{"confidence_level":0.95,"lower_bound":289677752.0,"upper_bound":290836795.5},"point_estimate":290100650.5,"standard_error":287880.28655010904},"median_abs_dev":{"confidence_interval":{"confidence_level":0.95,"lower_bound":1408889.5507872105,"upper_bound":2777963.1379812956},"point_estimate":1916329.4068783522,"standard_error":349323.99656343786},"slope":null,"std_dev":{"confidence_interval":{"confidence_level":0.95,"lower_bound":4031981.811999995,"upper_bound":9841497.62810466},"point_estimate":7103621.301863491,"standard_error":1497803.4376054076}}