{"mean":{"confidence_interval":{"confidence_level":0.95,"lower_bound":250768505.59575,"upper_bound":250898581.7515},"point_estimate":250830190.45,"standard_error":33159.10832435629},"median":{"confidence_interval":{"confidence_level":0.95,"lower_bound":250761209.0,"upper_bound":250863249.0},"point_estimate":250797299.5,"standard_error":23820.452377469555},"median_abs_dev":{"confidence_interval":{"confidence_level":0.95,"lower_bound":173996.8394934387,"upper_bound":291536.97622418404},"point_estimate":221324.74797070026,"standard_error":30032.762953827987},"slope":null,"std_dev":{"confidence_interval":{"confidence_level":0.95,"lower_bound":226063.70135241185,"upper_bound":447700.22674038546},"point_estimate":333695.96161159396,"standard_error":58818.2816187139}}