{"mean":{"confidence_interval":{"confidence_level":0.95,"lower_bound":0.014692755155945637,"upper_bound":0.017419326187661677},"point_estimate":0.016068006613860986,"standard_error":0.0007075969684564379},"median":{"confidence_interval":{"confidence_level":0.95,"lower_bound":0.011793796075992846,"upper_bound":0.012823996608243515},"point_estimate":0.012236343366757607,"standard_error":0.0002633442231884484}}