{"mean":{"confidence_interval":{"confidence_level":0.95,"lower_bound":0.0011907845390063956,"upper_bound":0.004310844169601413},"point_estimate":0.002796367837934133,"standard_error":0.0007871237699184995},"median":{"confidence_interval":{"confidence_level":0.95,"lower_bound":0.0019008639473211521,"upper_bound":0.005255508131054798},"point_estimate":0.0027870252261994466,"standard_error":0.0008617997431729834}}