{"mean":{"confidence_interval":{"confidence_level":0.95,"lower_bound":-0.03734078832086919,"upper_bound":-0.014412283064747197},"point_estimate":-0.025921042554096774,"standard_error":0.005846178749431201},"median":{"confidence_interval":{"confidence_level":0.95,"lower_bound":-0.04995305260065663,"upper_bound":0.010787267480728037},"point_estimate":-0.007861029022904198,"standard_error":0.014668663270226062}}