{"mean":{"confidence_interval":{"confidence_level":0.95,"lower_bound":104940391.085875,"upper_bound":106813745.103625},"point_estimate":105875230.765,"standard_error":478456.1739911895},"median":{"confidence_interval":{"confidence_level":0.95,"lower_bound":101705638.0,"upper_bound":109806926.25},"point_estimate":105386761.0,"standard_error":1859672.805363852},"median_abs_dev":{"confidence_interval":{"confidence_level":0.95,"lower_bound":1651229.0043698286,"upper_bound":7567580.3933060905},"point_estimate":7013093.7296926975,"standard_error":1555900.9984127607},"slope":null,"std_dev":{"confidence_interval":{"confidence_level":0.95,"lower_bound":4540478.16927161,"upper_bound":4983480.392676186},"point_estimate":4797876.972010647,"standard_error":112717.98440276108}}