{"mean":{"confidence_interval":{"confidence_level":0.95,"lower_bound":-0.055203203905765434,"upper_bound":-0.04230008099188923},"point_estimate":-0.04865970638923145,"standard_error":0.0033075264060040705},"median":{"confidence_interval":{"confidence_level":0.95,"lower_bound":-0.054690016822172116,"upper_bound":-0.0431123105291259},"point_estimate":-0.04806247220155946,"standard_error":0.002952303705201222}}