{"mean":{"confidence_interval":{"confidence_level":0.95,"lower_bound":72384552.378625,"upper_bound":75228002.559625},"point_estimate":73778586.835,"standard_error":723615.8491583312},"median":{"confidence_interval":{"confidence_level":0.95,"lower_bound":69921851.5,"upper_bound":74340519.5},"point_estimate":73006844.0,"standard_error":1076854.2184484943},"median_abs_dev":{"confidence_interval":{"confidence_level":0.95,"lower_bound":5792566.281661391,"upper_bound":10381711.35378778},"point_estimate":8651480.490155518,"standard_error":1225117.0755049058},"slope":null,"std_dev":{"confidence_interval":{"confidence_level":0.95,"lower_bound":6156151.189571915,"upper_bound":8473901.086567307},"point_estimate":7258664.912059474,"standard_error":600748.328124303}}