{"mean":{"confidence_interval":{"confidence_level":0.95,"lower_bound":41309619.237500004,"upper_bound":41362525.377624996},"point_estimate":41336258.425,"standard_error":13534.94466420088},"median":{"confidence_interval":{"confidence_level":0.95,"lower_bound":41306632.00625,"upper_bound":41379350.5},"point_estimate":41347094.5,"standard_error":20210.708968104464},"median_abs_dev":{"confidence_interval":{"confidence_level":0.95,"lower_bound":113507.11268484592,"upper_bound":183505.47589212656},"point_estimate":141342.556540668,"standard_error":18356.1199986956},"slope":null,"std_dev":{"confidence_interval":{"confidence_level":0.95,"lower_bound":119789.51399048063,"upper_bound":150330.12222162733},"point_estimate":136178.2153757944,"standard_error":7805.116091534452}}