{"mean":{"confidence_interval":{"confidence_level":0.95,"lower_bound":42872197.60855001,"upper_bound":42880340.24675},"point_estimate":42876290.378,"standard_error":2072.4608975345636},"median":{"confidence_interval":{"confidence_level":0.95,"lower_bound":42873515.6,"upper_bound":42882721.900000006},"point_estimate":42878073.099999994,"standard_error":2621.4882928988927},"median_abs_dev":{"confidence_interval":{"confidence_level":0.95,"lower_bound":14104.566589591677,"upper_bound":22641.377238032994},"point_estimate":18863.415985111842,"standard_error":2145.6321154540146},"slope":null,"std_dev":{"confidence_interval":{"confidence_level":0.95,"lower_bound":17371.439302581097,"upper_bound":24219.281091149736},"point_estimate":20880.70367595767,"standard_error":1749.5514074174332}}