{"mean":{"confidence_interval":{"confidence_level":0.95,"lower_bound":41237275.866500005,"upper_bound":41273814.745625004},"point_estimate":41255663.02,"standard_error":9323.731505450753},"median":{"confidence_interval":{"confidence_level":0.95,"lower_bound":41245544.5,"upper_bound":41281772.01875},"point_estimate":41260370.25,"standard_error":8670.862038769614},"median_abs_dev":{"confidence_interval":{"confidence_level":0.95,"lower_bound":60051.22933387756,"upper_bound":124728.54123562574},"point_estimate":83968.53210926056,"standard_error":17907.51538476195},"slope":null,"std_dev":{"confidence_interval":{"confidence_level":0.95,"lower_bound":82018.80774871945,"upper_bound":104752.11709092371},"point_estimate":94121.26033833357,"standard_error":5805.903736701291}}