{"mean":{"confidence_interval":{"confidence_level":0.95,"lower_bound":45036285.277049996,"upper_bound":45326460.11905002},"point_estimate":45177887.63,"standard_error":74221.42718322156},"median":{"confidence_interval":{"confidence_level":0.95,"lower_bound":44683026.5,"upper_bound":44770141.9},"point_estimate":44708777.400000006,"standard_error":31201.873718424315},"median_abs_dev":{"confidence_interval":{"confidence_level":0.95,"lower_bound":78273.56909036194,"upper_bound":271858.13025354897},"point_estimate":144141.1863809802,"standard_error":58813.17548222339},"slope":null,"std_dev":{"confidence_interval":{"confidence_level":0.95,"lower_bound":648233.9308453641,"upper_bound":816954.0578304528},"point_estimate":743745.2974733671,"standard_error":43001.54911897099}}