{"mean":{"confidence_interval":{"confidence_level":0.95,"lower_bound":87982327.75050002,"upper_bound":88073434.25224999},"point_estimate":88026495.35333334,"standard_error":23254.09245408643},"median":{"confidence_interval":{"confidence_level":0.95,"lower_bound":87894976.66666666,"upper_bound":88096956.0},"point_estimate":87970226.0,"standard_error":56021.55779392208},"median_abs_dev":{"confidence_interval":{"confidence_level":0.95,"lower_bound":150951.40434258486,"upper_bound":285448.185232278},"point_estimate":246619.38612163067,"standard_error":35399.77433687004},"slope":null,"std_dev":{"confidence_interval":{"confidence_level":0.95,"lower_bound":188202.85731222882,"upper_bound":280941.6985216536},"point_estimate":233304.77609935805,"standard_error":24072.538856702875}}