{"mean":{"confidence_interval":{"confidence_level":0.95,"lower_bound":97968021.67591667,"upper_bound":98163843.7728333},"point_estimate":98060279.59999995,"standard_error":50009.109195761455},"median":{"confidence_interval":{"confidence_level":0.95,"lower_bound":97854653.0,"upper_bound":98036342.33333334},"point_estimate":97967952.5,"standard_error":46128.928296417165},"median_abs_dev":{"confidence_interval":{"confidence_level":0.95,"lower_bound":189298.61173927414,"upper_bound":324512.7177387402},"point_estimate":254986.19197309387,"standard_error":32872.193344473446},"slope":null,"std_dev":{"confidence_interval":{"confidence_level":0.95,"lower_bound":349323.27894553676,"upper_bound":629391.221743821},"point_estimate":504466.0491938545,"standard_error":71683.40370818555}}