{"mean":{"confidence_interval":{"confidence_level":0.95,"lower_bound":95663580.83741663,"upper_bound":95724938.99483335},"point_estimate":95691000.92999996,"standard_error":15701.53784866924},"median":{"confidence_interval":{"confidence_level":0.95,"lower_bound":95667577.0,"upper_bound":95700272.0},"point_estimate":95687512.83333334,"standard_error":8219.705989243244},"median_abs_dev":{"confidence_interval":{"confidence_level":0.95,"lower_bound":61724.61521416888,"upper_bound":108798.62226843466},"point_estimate":82053.75424325466,"standard_error":11537.653634171473},"slope":null,"std_dev":{"confidence_interval":{"confidence_level":0.95,"lower_bound":88803.24920365478,"upper_bound":235581.86134748228},"point_estimate":157620.84933725727,"standard_error":45514.28097766439}}