{"mean":{"confidence_interval":{"confidence_level":0.95,"lower_bound":95937631.91175002,"upper_bound":96067645.79849999},"point_estimate":95999992.93333338,"standard_error":33194.66977474527},"median":{"confidence_interval":{"confidence_level":0.95,"lower_bound":95904842.16666666,"upper_bound":96055377.66666667},"point_estimate":95992094.16666666,"standard_error":42509.55930107766},"median_abs_dev":{"confidence_interval":{"confidence_level":0.95,"lower_bound":198519.6422755792,"upper_bound":308942.00185767544},"point_estimate":265967.06867813325,"standard_error":27019.835997824248},"slope":null,"std_dev":{"confidence_interval":{"confidence_level":0.95,"lower_bound":233330.87447821477,"upper_bound":422242.39206172276},"point_estimate":333552.3140344716,"standard_error":48228.46246441021}}