{"mean":{"confidence_interval":{"confidence_level":0.95,"lower_bound":31514739.42660713,"upper_bound":31794433.69289286},"point_estimate":31633830.93,"standard_error":72324.39613591348},"median":{"confidence_interval":{"confidence_level":0.95,"lower_bound":31492236.285714287,"upper_bound":31733037.0},"point_estimate":31613936.14285714,"standard_error":95599.78868715395},"median_abs_dev":{"confidence_interval":{"confidence_level":0.95,"lower_bound":175253.58918862764,"upper_bound":381959.68961885956},"point_estimate":280742.5894158251,"standard_error":57808.420565290064},"slope":null,"std_dev":{"confidence_interval":{"confidence_level":0.95,"lower_bound":273193.53140233725,"upper_bound":1137311.857957665},"point_estimate":727883.8229661935,"standard_error":248995.72077071285}}