{"mean":{"confidence_interval":{"confidence_level":0.95,"lower_bound":31485291.153678566,"upper_bound":31840189.848321423},"point_estimate":31614687.474285707,"standard_error":100602.46475280567},"median":{"confidence_interval":{"confidence_level":0.95,"lower_bound":31477717.85714286,"upper_bound":31501859.42857143},"point_estimate":31493334.85714286,"standard_error":6427.397279500497},"median_abs_dev":{"confidence_interval":{"confidence_level":0.95,"lower_bound":32639.544320534227,"upper_bound":53030.27125851975},"point_estimate":43324.430530835634,"standard_error":5176.661778214225},"slope":null,"std_dev":{"confidence_interval":{"confidence_level":0.95,"lower_bound":120182.51748739801,"upper_bound":1710724.7972460208},"point_estimate":1010866.5511054771,"standard_error":533680.2483116114}}