{"mean":{"confidence_interval":{"confidence_level":0.95,"lower_bound":32228687.253821425,"upper_bound":32251174.17253571},"point_estimate":32238650.51714286,"standard_error":5764.196888706063},"median":{"confidence_interval":{"confidence_level":0.95,"lower_bound":32220702.14285714,"upper_bound":32231569.14285714},"point_estimate":32229175.714285716,"standard_error":2846.457888792486},"median_abs_dev":{"confidence_interval":{"confidence_level":0.95,"lower_bound":16333.592110016829,"upper_bound":28597.65909228888},"point_estimate":22388.000902536292,"standard_error":3077.824439024741},"slope":null,"std_dev":{"confidence_interval":{"confidence_level":0.95,"lower_bound":25359.269654249405,"upper_bound":85686.79326491841},"point_estimate":58079.21691057908,"standard_error":15818.240620495531}}