{"mean":{"confidence_interval":{"confidence_level":0.95,"lower_bound":89813530.02774997,"upper_bound":90079610.61775002},"point_estimate":89947351.74333328,"standard_error":67822.66392116515},"median":{"confidence_interval":{"confidence_level":0.95,"lower_bound":89517208.33333333,"upper_bound":90459862.33333333},"point_estimate":89967380.5,"standard_error":338621.7574266431},"median_abs_dev":{"confidence_interval":{"confidence_level":0.95,"lower_bound":480376.7232716047,"upper_bound":1108291.6648238897},"point_estimate":950575.1506239139,"standard_error":175299.08881948356},"slope":null,"std_dev":{"confidence_interval":{"confidence_level":0.95,"lower_bound":634316.3456418238,"upper_bound":721131.0315240984},"point_estimate":681579.0226082655,"standard_error":22176.66002117093}}