{"mean":{"confidence_interval":{"confidence_level":0.95,"lower_bound":5141118.421885707,"upper_bound":5149142.206257824},"point_estimate":5144624.107472052,"standard_error":2063.0329515812346},"median":{"confidence_interval":{"confidence_level":0.95,"lower_bound":5138473.290476191,"upper_bound":5144152.076923077},"point_estimate":5141369.112781955,"standard_error":1471.8473667042072},"median_abs_dev":{"confidence_interval":{"confidence_level":0.95,"lower_bound":8578.944219018069,"upper_bound":13172.389615984324},"point_estimate":10637.827649002387,"standard_error":1125.2788404016458},"slope":{"confidence_interval":{"confidence_level":0.95,"lower_bound":5136238.227344059,"upper_bound":5142767.936022405},"point_estimate":5138944.567093247,"standard_error":1686.6107373726704},"std_dev":{"confidence_interval":{"confidence_level":0.95,"lower_bound":8538.027862559167,"upper_bound":31034.120948747182},"point_estimate":20765.05608598649,"standard_error":6072.941034654299}}