{"mean":{"confidence_interval":{"confidence_level":0.95,"lower_bound":0.01386394669736013,"upper_bound":0.01925063189727381},"point_estimate":0.016598998998220482,"standard_error":0.001375832213656015},"median":{"confidence_interval":{"confidence_level":0.95,"lower_bound":0.015104496553192348,"upper_bound":0.01888305858058592},"point_estimate":0.016996739571029984,"standard_error":0.0009741160986747808}}