{"mean":{"confidence_interval":{"confidence_level":0.95,"lower_bound":-0.377077143218798,"upper_bound":-0.04370438861482524},"point_estimate":-0.2214165561345136,"standard_error":0.08500468670243826},"median":{"confidence_interval":{"confidence_level":0.95,"lower_bound":-0.028044387450093855,"upper_bound":-0.013294051426629983},"point_estimate":-0.019878595406271016,"standard_error":0.004025501227287134}}