{"mean":{"confidence_interval":{"confidence_level":0.95,"lower_bound":72264039.26725,"upper_bound":76703970.95025},"point_estimate":74417016.44,"standard_error":1132409.7684379513},"median":{"confidence_interval":{"confidence_level":0.95,"lower_bound":68767778.0,"upper_bound":74276367.0},"point_estimate":71433930.5,"standard_error":1251043.593599964},"median_abs_dev":{"confidence_interval":{"confidence_level":0.95,"lower_bound":7235596.922252491,"upper_bound":12427143.064486599},"point_estimate":10213372.504976392,"standard_error":1214627.256586965},"slope":null,"std_dev":{"confidence_interval":{"confidence_level":0.95,"lower_bound":9292074.217441415,"upper_bound":13329570.269258691},"point_estimate":11416650.856825989,"standard_error":1031523.6878600768}}