{"mean":{"confidence_interval":{"confidence_level":0.95,"lower_bound":82497745.28858332,"upper_bound":82531043.90191665},"point_estimate":82514341.51333332,"standard_error":8486.074866349667},"median":{"confidence_interval":{"confidence_level":0.95,"lower_bound":82502252.66666667,"upper_bound":82533059.16666666},"point_estimate":82515145.66666667,"standard_error":7899.5364858320045},"median_abs_dev":{"confidence_interval":{"confidence_level":0.95,"lower_bound":51094.84289288521,"upper_bound":94695.88421881199},"point_estimate":66343.3836221695,"standard_error":11154.556909681402},"slope":null,"std_dev":{"confidence_interval":{"confidence_level":0.95,"lower_bound":72495.10573853135,"upper_bound":96674.81700321412},"point_estimate":85260.37308369823,"standard_error":6165.224199420689}}