{"mean":{"confidence_interval":{"confidence_level":0.95,"lower_bound":63199066.9894375,"upper_bound":63265314.510437496},"point_estimate":63232969.61,"standard_error":16962.603100984856},"median":{"confidence_interval":{"confidence_level":0.95,"lower_bound":63237420.0,"upper_bound":63304443.25},"point_estimate":63263388.875,"standard_error":17328.042237403435},"median_abs_dev":{"confidence_interval":{"confidence_level":0.95,"lower_bound":85420.92410847545,"upper_bound":171746.97550088167},"point_estimate":115827.0109936595,"standard_error":21526.41713323708},"slope":null,"std_dev":{"confidence_interval":{"confidence_level":0.95,"lower_bound":142266.77495984203,"upper_bound":193792.19128955773},"point_estimate":170537.9548561902,"standard_error":13132.474919185017}}