{"mean":{"confidence_interval":{"confidence_level":0.95,"lower_bound":61899109.5731875,"upper_bound":62166507.219125},"point_estimate":62025966.62,"standard_error":67955.74436234884},"median":{"confidence_interval":{"confidence_level":0.95,"lower_bound":61876125.375,"upper_bound":62145957.25},"point_estimate":61986591.625,"standard_error":68411.04037372784},"median_abs_dev":{"confidence_interval":{"confidence_level":0.95,"lower_bound":421545.4868466968,"upper_bound":642082.9140007495},"point_estimate":542520.5806933343,"standard_error":54024.77119999233},"slope":null,"std_dev":{"confidence_interval":{"confidence_level":0.95,"lower_bound":482494.33428428,"upper_bound":915656.4460348695},"point_estimate":680764.5991287573,"standard_error":121397.46944570827}}