{"mean":{"confidence_interval":{"confidence_level":0.95,"lower_bound":57975507.0555,"upper_bound":58019741.9348125},"point_estimate":57995897.385,"standard_error":11316.152713524463},"median":{"confidence_interval":{"confidence_level":0.95,"lower_bound":57954398.125,"upper_bound":57992895.0},"point_estimate":57969799.0,"standard_error":9623.254658725402},"median_abs_dev":{"confidence_interval":{"confidence_level":0.95,"lower_bound":55378.44486683607,"upper_bound":103192.70636608823},"point_estimate":77182.48670473695,"standard_error":12745.836091903335},"slope":null,"std_dev":{"confidence_interval":{"confidence_level":0.95,"lower_bound":73730.53173902794,"upper_bound":160319.4676418636},"point_estimate":113747.48525904585,"standard_error":26016.702358168368}}