{"mean":{"confidence_interval":{"confidence_level":0.95,"lower_bound":-0.02773278694034576,"upper_bound":-0.023468685725137488},"point_estimate":-0.025637560356903566,"standard_error":0.0010850579525191837},"median":{"confidence_interval":{"confidence_level":0.95,"lower_bound":-0.02675109436213874,"upper_bound":-0.02230971240913704},"point_estimate":-0.02408234970578904,"standard_error":0.0011569136046822302}}