{"mean":{"confidence_interval":{"confidence_level":0.95,"lower_bound":324060789.106,"upper_bound":328955475.36475},"point_estimate":326494549.37,"standard_error":1246163.2392028032},"median":{"confidence_interval":{"confidence_level":0.95,"lower_bound":316065726.0,"upper_bound":333858220.5},"point_estimate":317649613.5,"standard_error":5967630.319117617},"median_abs_dev":{"confidence_interval":{"confidence_level":0.95,"lower_bound":3284844.0538823605,"upper_bound":19258988.484084606},"point_estimate":6609737.580853701,"standard_error":4821115.132694142},"slope":null,"std_dev":{"confidence_interval":{"confidence_level":0.95,"lower_bound":11817958.918674354,"upper_bound":12905058.698808195},"point_estimate":12484553.306359617,"standard_error":276358.9898847213}}