{"mean":{"confidence_interval":{"confidence_level":0.95,"lower_bound":330892634.3635,"upper_bound":332957694.7335},"point_estimate":331905832.91,"standard_error":525027.6561533122},"median":{"confidence_interval":{"confidence_level":0.95,"lower_bound":329493447.5,"upper_bound":332214526.0},"point_estimate":330449600.5,"standard_error":756861.5052065189},"median_abs_dev":{"confidence_interval":{"confidence_level":0.95,"lower_bound":3288823.352211714,"upper_bound":5896710.775512457},"point_estimate":4361187.17187345,"standard_error":669063.4156210573},"slope":null,"std_dev":{"confidence_interval":{"confidence_level":0.95,"lower_bound":4506284.627060379,"upper_bound":5886919.701486268},"point_estimate":5263567.942270624,"standard_error":353761.7044553712}}