{"mean":{"confidence_interval":{"confidence_level":0.95,"lower_bound":264823278.82225,"upper_bound":265319679.3265},"point_estimate":265072311.86,"standard_error":126258.77686263181},"median":{"confidence_interval":{"confidence_level":0.95,"lower_bound":264856925.0,"upper_bound":265291158.0},"point_estimate":265081893.0,"standard_error":111008.28740018803},"median_abs_dev":{"confidence_interval":{"confidence_level":0.95,"lower_bound":790180.5666714907,"upper_bound":1427192.2474622726},"point_estimate":1106078.1430631876,"standard_error":156895.16241666593},"slope":null,"std_dev":{"confidence_interval":{"confidence_level":0.95,"lower_bound":1086046.7309148856,"upper_bound":1434288.1019757316},"point_estimate":1270678.922514363,"standard_error":88983.2870715898}}