{"mean":{"confidence_interval":{"confidence_level":0.95,"lower_bound":316905754.38925004,"upper_bound":317240334.14500004},"point_estimate":317072437.16,"standard_error":85284.654680136},"median":{"confidence_interval":{"confidence_level":0.95,"lower_bound":316815250.0,"upper_bound":317137628.0},"point_estimate":316950687.5,"standard_error":70656.01145836466},"median_abs_dev":{"confidence_interval":{"confidence_level":0.95,"lower_bound":440084.59798693657,"upper_bound":826424.9469280243},"point_estimate":648845.7937806845,"standard_error":96284.28612350763},"slope":null,"std_dev":{"confidence_interval":{"confidence_level":0.95,"lower_bound":702782.4596116935,"upper_bound":997080.7869191727},"point_estimate":855963.4259290383,"standard_error":75178.40570299169}}