{"mean":{"confidence_interval":{"confidence_level":0.95,"lower_bound":892159212.923,"upper_bound":900662206.8827499},"point_estimate":896350195.72,"standard_error":2165022.2872698465},"median":{"confidence_interval":{"confidence_level":0.95,"lower_bound":885457780.0,"upper_bound":892734962.5},"point_estimate":888182136.5,"standard_error":1848919.8191881708},"median_abs_dev":{"confidence_interval":{"confidence_level":0.95,"lower_bound":12641230.037373304,"upper_bound":24025786.83935702},"point_estimate":17950923.14450741,"standard_error":3143953.4856488453},"slope":null,"std_dev":{"confidence_interval":{"confidence_level":0.95,"lower_bound":19196402.20337415,"upper_bound":23796076.23651752},"point_estimate":21792956.143384602,"standard_error":1172317.771385858}}