{"mean":{"confidence_interval":{"confidence_level":0.95,"lower_bound":105250030.778,"upper_bound":107205343.938875},"point_estimate":106229914.635,"standard_error":499575.7375155909},"median":{"confidence_interval":{"confidence_level":0.95,"lower_bound":101410056.0,"upper_bound":110923367.75},"point_estimate":104121220.75,"standard_error":3036953.219224223},"median_abs_dev":{"confidence_interval":{"confidence_level":0.95,"lower_bound":534706.3522070646,"upper_bound":7819570.66462487},"point_estimate":4562758.869744837,"standard_error":2291618.7668907526},"slope":null,"std_dev":{"confidence_interval":{"confidence_level":0.95,"lower_bound":4802592.168829609,"upper_bound":5158025.829775936},"point_estimate":5022404.824909155,"standard_error":90298.5145779879}}