{"mean":{"confidence_interval":{"confidence_level":0.95,"lower_bound":157660286.86400002,"upper_bound":157792442.63799998},"point_estimate":157722798.245,"standard_error":33813.786782964096},"median":{"confidence_interval":{"confidence_level":0.95,"lower_bound":157644668.0,"upper_bound":157757260.0},"point_estimate":157690851.75,"standard_error":26089.38855310619},"median_abs_dev":{"confidence_interval":{"confidence_level":0.95,"lower_bound":162347.66231775284,"upper_bound":267215.2943059802},"point_estimate":213809.4487041235,"standard_error":27354.3193268233},"slope":null,"std_dev":{"confidence_interval":{"confidence_level":0.95,"lower_bound":232028.04000782114,"upper_bound":461947.22469876194},"point_estimate":339317.2053851028,"standard_error":63347.9725435277}}