{"mean":{"confidence_interval":{"confidence_level":0.95,"lower_bound":192672396.00275,"upper_bound":193830802.04125002},"point_estimate":193237768.34,"standard_error":296131.5709221153},"median":{"confidence_interval":{"confidence_level":0.95,"lower_bound":190997167.25,"upper_bound":193385812.0},"point_estimate":191810519.75,"standard_error":597280.542760103},"median_abs_dev":{"confidence_interval":{"confidence_level":0.95,"lower_bound":599035.2531149983,"upper_bound":3770195.3942656517},"point_estimate":1753081.8063765764,"standard_error":808970.0701575974},"slope":null,"std_dev":{"confidence_interval":{"confidence_level":0.95,"lower_bound":2567315.0771429334,"upper_bound":3312437.8368405784},"point_estimate":2973167.1298067677,"standard_error":189947.5965535149}}