{"mean":{"confidence_interval":{"confidence_level":0.95,"lower_bound":167487378.875,"upper_bound":168174571.37875},"point_estimate":167798404.62,"standard_error":176505.68123176275},"median":{"confidence_interval":{"confidence_level":0.95,"lower_bound":167272821.0,"upper_bound":167353749.5},"point_estimate":167316202.25,"standard_error":23791.48787087485},"median_abs_dev":{"confidence_interval":{"confidence_level":0.95,"lower_bound":142289.5672738552,"upper_bound":277752.13231891394},"point_estimate":202280.38065880537,"standard_error":35747.40751301973},"slope":null,"std_dev":{"confidence_interval":{"confidence_level":0.95,"lower_bound":889432.6940957608,"upper_bound":2458405.5884139636},"point_estimate":1777189.9043303186,"standard_error":396356.60469978256}}