{"mean":{"confidence_interval":{"confidence_level":0.95,"lower_bound":165859116.114,"upper_bound":166440700.755625},"point_estimate":166135330.63,"standard_error":148305.3764216901},"median":{"confidence_interval":{"confidence_level":0.95,"lower_bound":165464010.0,"upper_bound":165765603.5},"point_estimate":165559199.25,"standard_error":81940.25437367722},"median_abs_dev":{"confidence_interval":{"confidence_level":0.95,"lower_bound":437871.07622623444,"upper_bound":840535.5921775103},"point_estimate":633517.1926528215,"standard_error":105938.18454543377},"slope":null,"std_dev":{"confidence_interval":{"confidence_level":0.95,"lower_bound":1095489.2090501266,"upper_bound":1829284.9945308575},"point_estimate":1495217.1312325213,"standard_error":187407.2842304144}}