{"mean":{"confidence_interval":{"confidence_level":0.95,"lower_bound":85845337.76700002,"upper_bound":86460911.54858331},"point_estimate":86121043.79666667,"standard_error":158415.78275659756},"median":{"confidence_interval":{"confidence_level":0.95,"lower_bound":85652476.16666666,"upper_bound":85810131.66666667},"point_estimate":85750277.16666666,"standard_error":49112.88038029043},"median_abs_dev":{"confidence_interval":{"confidence_level":0.95,"lower_bound":216403.50445807716,"upper_bound":363595.5356448815},"point_estimate":279922.53513036686,"standard_error":38973.555145052924},"slope":null,"std_dev":{"confidence_interval":{"confidence_level":0.95,"lower_bound":784030.7765104662,"upper_bound":2212086.440124955},"point_estimate":1595608.1369386793,"standard_error":370494.28715347964}}