{"mean":{"confidence_interval":{"confidence_level":0.95,"lower_bound":119558583.14299999,"upper_bound":126538764.36025},"point_estimate":122911605.94,"standard_error":1784424.8019630741},"median":{"confidence_interval":{"confidence_level":0.95,"lower_bound":114757501.0,"upper_bound":124438813.5},"point_estimate":121515003.0,"standard_error":2372886.012867951},"median_abs_dev":{"confidence_interval":{"confidence_level":0.95,"lower_bound":11494829.62282598,"upper_bound":18848101.765199304},"point_estimate":16056859.424033761,"standard_error":1934301.370448236},"slope":null,"std_dev":{"confidence_interval":{"confidence_level":0.95,"lower_bound":13639982.598504763,"upper_bound":21594527.27355185},"point_estimate":17913072.077589963,"standard_error":2035097.0797804568}}