{"mean":{"confidence_interval":{"confidence_level":0.95,"lower_bound":-0.04207474670594302,"upper_bound":-0.0323919309516415},"point_estimate":-0.03714972162106012,"standard_error":0.0024789398502724725},"median":{"confidence_interval":{"confidence_level":0.95,"lower_bound":-0.03261546225115863,"upper_bound":-0.025577241763444558},"point_estimate":-0.027638296233818416,"standard_error":0.0014981453102124985}}