{"mean":{"confidence_interval":{"confidence_level":0.95,"lower_bound":269014198.49175,"upper_bound":273073950.866},"point_estimate":271003612.78,"standard_error":1033826.9848877891},"median":{"confidence_interval":{"confidence_level":0.95,"lower_bound":266231594.0,"upper_bound":272981797.0},"point_estimate":268021034.0,"standard_error":2183330.6312004244},"median_abs_dev":{"confidence_interval":{"confidence_level":0.95,"lower_bound":8298536.076271534,"upper_bound":13017979.447084665},"point_estimate":10322845.463132858,"standard_error":1148798.6735518791},"slope":null,"std_dev":{"confidence_interval":{"confidence_level":0.95,"lower_bound":8664449.94874016,"upper_bound":12228462.339708168},"point_estimate":10387886.7559011,"standard_error":921757.4810956079}}