{"mean":{"confidence_interval":{"confidence_level":0.95,"lower_bound":322901416.875,"upper_bound":325801738.624},"point_estimate":324341956.06,"standard_error":739796.1425032001},"median":{"confidence_interval":{"confidence_level":0.95,"lower_bound":318781809.0,"upper_bound":329572611.0},"point_estimate":323121501.5,"standard_error":3359837.565384975},"median_abs_dev":{"confidence_interval":{"confidence_level":0.95,"lower_bound":4345388.586553931,"upper_bound":11235705.988526344},"point_estimate":10028629.428756237,"standard_error":1881795.0952715436},"slope":null,"std_dev":{"confidence_interval":{"confidence_level":0.95,"lower_bound":6869919.261935732,"upper_bound":7930886.7694278},"point_estimate":7429634.701382925,"standard_error":270401.9941916841}}