{"mean":{"confidence_interval":{"confidence_level":0.95,"lower_bound":279218456.33675003,"upper_bound":279772489.25200003},"point_estimate":279468658.69,"standard_error":141827.13866915178},"median":{"confidence_interval":{"confidence_level":0.95,"lower_bound":278921327.0,"upper_bound":279320596.0},"point_estimate":279155098.0,"standard_error":107165.96596738558},"median_abs_dev":{"confidence_interval":{"confidence_level":0.95,"lower_bound":515000.37465691566,"upper_bound":1023277.1584331989},"point_estimate":749681.1244904995,"standard_error":135933.8141022526},"slope":null,"std_dev":{"confidence_interval":{"confidence_level":0.95,"lower_bound":735552.6080789615,"upper_bound":2028123.285045533},"point_estimate":1426891.4762705497,"standard_error":332852.80848107}}