{"mean":{"confidence_interval":{"confidence_level":0.95,"lower_bound":287557737.3175,"upper_bound":288025387.32224995},"point_estimate":287756956.85,"standard_error":120701.2453134274},"median":{"confidence_interval":{"confidence_level":0.95,"lower_bound":287398592.0,"upper_bound":287633748.0},"point_estimate":287509490.5,"standard_error":58579.43803947032},"median_abs_dev":{"confidence_interval":{"confidence_level":0.95,"lower_bound":430109.665364027,"upper_bound":717398.9926636219},"point_estimate":598716.123470664,"standard_error":71009.03158524992},"slope":null,"std_dev":{"confidence_interval":{"confidence_level":0.95,"lower_bound":559704.8525261716,"upper_bound":1879865.7898535104},"point_estimate":1215479.196330829,"standard_error":409304.67186567205}}