{"mean":{"confidence_interval":{"confidence_level":0.95,"lower_bound":-0.0003133068364408038,"upper_bound":0.005689343921944732},"point_estimate":0.002741838681322717,"standard_error":0.0015308867728562566},"median":{"confidence_interval":{"confidence_level":0.95,"lower_bound":-0.0007761856727211969,"upper_bound":0.006293071474354761},"point_estimate":0.002293397013386711,"standard_error":0.0018251339461670146}}