{"mean":{"confidence_interval":{"confidence_level":0.95,"lower_bound":0.0056542545818455865,"upper_bound":0.016791337311840574},"point_estimate":0.011404294784388203,"standard_error":0.002846350639990682},"median":{"confidence_interval":{"confidence_level":0.95,"lower_bound":0.01003730359975035,"upper_bound":0.021058284088734114},"point_estimate":0.016311863346666566,"standard_error":0.002927709514819792}}