{"mean":{"confidence_interval":{"confidence_level":0.95,"lower_bound":126395011.12275,"upper_bound":126753535.34075001},"point_estimate":126570990.78,"standard_error":91211.59288011646},"median":{"confidence_interval":{"confidence_level":0.95,"lower_bound":126566696.5,"upper_bound":126785797.5},"point_estimate":126722843.5,"standard_error":60876.39507918575},"median_abs_dev":{"confidence_interval":{"confidence_level":0.95,"lower_bound":458937.3392522335,"upper_bound":1062837.670050857},"point_estimate":775049.151340127,"standard_error":153052.94869093673},"slope":null,"std_dev":{"confidence_interval":{"confidence_level":0.95,"lower_bound":737352.032828763,"upper_bound":1090745.8919757993},"point_estimate":917550.8574611319,"standard_error":90147.17523035433}}