{"mean":{"confidence_interval":{"confidence_level":0.95,"lower_bound":104234528.20475,"upper_bound":105070011.669875},"point_estimate":104649129.92,"standard_error":214088.98096006317},"median":{"confidence_interval":{"confidence_level":0.95,"lower_bound":104110890.75,"upper_bound":105158704.0},"point_estimate":104550320.75,"standard_error":298672.3078227341},"median_abs_dev":{"confidence_interval":{"confidence_level":0.95,"lower_bound":1484369.0860971808,"upper_bound":2562316.9332347787},"point_estimate":1863471.752616763,"standard_error":272567.20427076676},"slope":null,"std_dev":{"confidence_interval":{"confidence_level":0.95,"lower_bound":1829070.891053633,"upper_bound":2448967.140843933},"point_estimate":2146774.3589220364,"standard_error":158969.79118189157}}