{"mean":{"confidence_interval":{"confidence_level":0.95,"lower_bound":-0.014553557028763285,"upper_bound":-0.002489399189515941},"point_estimate":-0.007980647102818983,"standard_error":0.0031045262346598985},"median":{"confidence_interval":{"confidence_level":0.95,"lower_bound":0.003646094216877893,"upper_bound":0.005235273610920688},"point_estimate":0.0048756259505668975,"standard_error":0.0004939244272322241}}