{"mean":{"confidence_interval":{"confidence_level":0.95,"lower_bound":898444100.7080001,"upper_bound":907557574.89525},"point_estimate":902985759.02,"standard_error":2321715.4960619044},"median":{"confidence_interval":{"confidence_level":0.95,"lower_bound":883996185.0,"upper_bound":920617893.0},"point_estimate":895744156.0,"standard_error":11250484.247056924},"median_abs_dev":{"confidence_interval":{"confidence_level":0.95,"lower_bound":10150955.78738451,"upper_bound":34883291.95279777},"point_estimate":28716862.142273784,"standard_error":7977050.209868791},"slope":null,"std_dev":{"confidence_interval":{"confidence_level":0.95,"lower_bound":21970139.99683735,"upper_bound":24360964.242211524},"point_estimate":23312135.989335906,"standard_error":607353.3286635508}}