{"mean":{"confidence_interval":{"confidence_level":0.95,"lower_bound":9171591.463727271,"upper_bound":9208076.154829549},"point_estimate":9188745.087272724,"standard_error":9315.188124405386},"median":{"confidence_interval":{"confidence_level":0.95,"lower_bound":9140132.090909092,"upper_bound":9202987.454545455},"point_estimate":9164607.25,"standard_error":17877.55837735212},"median_abs_dev":{"confidence_interval":{"confidence_level":0.95,"lower_bound":50530.27556199718,"upper_bound":92720.36103081849},"point_estimate":73134.02845615728,"standard_error":10243.204108794587},"slope":null,"std_dev":{"confidence_interval":{"confidence_level":0.95,"lower_bound":64546.24754318603,"upper_bound":120575.629721065},"point_estimate":93431.73604479247,"standard_error":14469.13468122541}}