{"mean":{"confidence_interval":{"confidence_level":0.95,"lower_bound":229685821.58125,"upper_bound":230132583.68449998},"point_estimate":229889970.47,"standard_error":114395.129601349},"median":{"confidence_interval":{"confidence_level":0.95,"lower_bound":229425734.5,"upper_bound":229654449.5},"point_estimate":229519134.0,"standard_error":58024.14892219958},"median_abs_dev":{"confidence_interval":{"confidence_level":0.95,"lower_bound":228212.907448411,"upper_bound":481545.48771835846},"point_estimate":323707.91305303574,"standard_error":63547.96078101132},"slope":null,"std_dev":{"confidence_interval":{"confidence_level":0.95,"lower_bound":651272.1877187135,"upper_bound":1562525.8565042603},"point_estimate":1149829.1962880194,"standard_error":233419.28253496168}}