{"mean":{"confidence_interval":{"confidence_level":0.95,"lower_bound":31706584.835000012,"upper_bound":31720787.48117857},"point_estimate":31713445.235714283,"standard_error":3599.6292676996504},"median":{"confidence_interval":{"confidence_level":0.95,"lower_bound":31708494.35714286,"upper_bound":31722471.14285714},"point_estimate":31713441.214285716,"standard_error":3255.728125144709},"median_abs_dev":{"confidence_interval":{"confidence_level":0.95,"lower_bound":25847.01254112301,"upper_bound":43676.15619459707},"point_estimate":35828.7227639142,"standard_error":4381.309686455109},"slope":null,"std_dev":{"confidence_interval":{"confidence_level":0.95,"lower_bound":27175.019039558378,"upper_bound":47316.87900746454},"point_estimate":36260.58524826146,"standard_error":5524.928227618846}}