{"mean":{"confidence_interval":{"confidence_level":0.95,"lower_bound":198783218.461875,"upper_bound":199640237.297625},"point_estimate":199210622.615,"standard_error":219225.9418930126},"median":{"confidence_interval":{"confidence_level":0.95,"lower_bound":198401620.5,"upper_bound":199327558.25},"point_estimate":198916617.0,"standard_error":282410.39810378524},"median_abs_dev":{"confidence_interval":{"confidence_level":0.95,"lower_bound":1885869.3904191256,"upper_bound":3704837.976690973},"point_estimate":2481775.9869396687,"standard_error":426633.619629413},"slope":null,"std_dev":{"confidence_interval":{"confidence_level":0.95,"lower_bound":2001461.20910665,"upper_bound":2383639.7767883767},"point_estimate":2211435.740338749,"standard_error":97916.61018240101}}