{"mean":{"confidence_interval":{"confidence_level":0.95,"lower_bound":223252577.2145,"upper_bound":223421589.5855},"point_estimate":223335175.16,"standard_error":43044.249042806165},"median":{"confidence_interval":{"confidence_level":0.95,"lower_bound":223171772.0,"upper_bound":223368938.0},"point_estimate":223288107.0,"standard_error":50914.80960209509},"median_abs_dev":{"confidence_interval":{"confidence_level":0.95,"lower_bound":291635.8100449295,"upper_bound":473873.79268705845},"point_estimate":394403.4688979387,"standard_error":47465.67020632507},"slope":null,"std_dev":{"confidence_interval":{"confidence_level":0.95,"lower_bound":343300.07182248204,"upper_bound":516218.6923394326},"point_estimate":432179.8644319733,"standard_error":44299.539983659044}}