{"mean":{"confidence_interval":{"confidence_level":0.95,"lower_bound":220671813.7385,"upper_bound":221401640.5555},"point_estimate":221018111.29,"standard_error":186151.50859246944},"median":{"confidence_interval":{"confidence_level":0.95,"lower_bound":220156570.5,"upper_bound":220400879.0},"point_estimate":220287259.0,"standard_error":67738.36345499734},"median_abs_dev":{"confidence_interval":{"confidence_level":0.95,"lower_bound":586701.8745839596,"upper_bound":1229034.606680274},"point_estimate":929785.8866930008,"standard_error":163499.62954871435},"slope":null,"std_dev":{"confidence_interval":{"confidence_level":0.95,"lower_bound":1341760.1946442905,"upper_bound":2422355.2301308583},"point_estimate":1864911.3477612908,"standard_error":285106.73622047715}}