{"mean":{"confidence_interval":{"confidence_level":0.95,"lower_bound":227440036.36225,"upper_bound":228093812.76},"point_estimate":227742173.21,"standard_error":167436.3702221509},"median":{"confidence_interval":{"confidence_level":0.95,"lower_bound":227205521.0,"upper_bound":227611363.0},"point_estimate":227373656.5,"standard_error":91067.90335692788},"median_abs_dev":{"confidence_interval":{"confidence_level":0.95,"lower_bound":632636.5282684565,"upper_bound":1117368.883162737},"point_estimate":850006.4408093691,"standard_error":127420.72994803954},"slope":null,"std_dev":{"confidence_interval":{"confidence_level":0.95,"lower_bound":992954.661771482,"upper_bound":2257244.7566993823},"point_estimate":1681066.8605059106,"standard_error":322183.039906126}}