{"mean":{"confidence_interval":{"confidence_level":0.95,"lower_bound":275628615.5155,"upper_bound":276031479.88425004},"point_estimate":275812879.71,"standard_error":103361.60565732526},"median":{"confidence_interval":{"confidence_level":0.95,"lower_bound":275512148.0,"upper_bound":275680130.0},"point_estimate":275582830.0,"standard_error":48456.1567702378},"median_abs_dev":{"confidence_interval":{"confidence_level":0.95,"lower_bound":317638.1487607956,"upper_bound":551404.8942431062},"point_estimate":445950.5047827959,"standard_error":62494.27558664238},"slope":null,"std_dev":{"confidence_interval":{"confidence_level":0.95,"lower_bound":603612.628613881,"upper_bound":1448223.2458196743},"point_estimate":1040119.0471455347,"standard_error":220981.16265164048}}