{"mean":{"confidence_interval":{"confidence_level":0.95,"lower_bound":272681253.385,"upper_bound":273215014.1355},"point_estimate":272929832.35,"standard_error":136366.23568620963},"median":{"confidence_interval":{"confidence_level":0.95,"lower_bound":272442557.0,"upper_bound":272749284.0},"point_estimate":272559388.5,"standard_error":82852.99554056284},"median_abs_dev":{"confidence_interval":{"confidence_level":0.95,"lower_bound":487099.3257522583,"upper_bound":908144.3748772144},"point_estimate":671144.0973848104,"standard_error":102619.34570854466},"slope":null,"std_dev":{"confidence_interval":{"confidence_level":0.95,"lower_bound":901942.2637358864,"upper_bound":1799333.3658367607},"point_estimate":1365095.3731213885,"standard_error":231834.74802489582}}