{"mean":{"confidence_interval":{"confidence_level":0.95,"lower_bound":-0.08460032036128694,"upper_bound":0.07654467356378858},"point_estimate":-0.022730180572911762,"standard_error":0.04477337622536745},"median":{"confidence_interval":{"confidence_level":0.95,"lower_bound":-0.04052338904684725,"upper_bound":-0.028073265683640658},"point_estimate":-0.03637308201180489,"standard_error":0.0030251794895385757}}