{"mean":{"confidence_interval":{"confidence_level":0.95,"lower_bound":83008405.87383333,"upper_bound":83046485.46716666},"point_estimate":83027408.64999999,"standard_error":9677.730136398259},"median":{"confidence_interval":{"confidence_level":0.95,"lower_bound":82988981.66666667,"upper_bound":83055952.0},"point_estimate":83015920.83333333,"standard_error":17393.813938213098},"median_abs_dev":{"confidence_interval":{"confidence_level":0.95,"lower_bound":78479.45280670752,"upper_bound":127451.15076230031},"point_estimate":100423.16791713238,"standard_error":12273.802729191057},"slope":null,"std_dev":{"confidence_interval":{"confidence_level":0.95,"lower_bound":85674.5330636648,"upper_bound":107231.85208551573},"point_estimate":97246.7042009036,"standard_error":5501.381587160219}}