{"mean":{"confidence_interval":{"confidence_level":0.95,"lower_bound":52279131.139874995,"upper_bound":52314489.7486875},"point_estimate":52294840.945,"standard_error":9077.711751142577},"median":{"confidence_interval":{"confidence_level":0.95,"lower_bound":52263559.5,"upper_bound":52288953.75},"point_estimate":52274054.25,"standard_error":6335.861937046451},"median_abs_dev":{"confidence_interval":{"confidence_level":0.95,"lower_bound":33750.96678642558,"upper_bound":58304.726564884186},"point_estimate":42596.02386876941,"standard_error":6718.387650893976},"slope":null,"std_dev":{"confidence_interval":{"confidence_level":0.95,"lower_bound":46623.245659507316,"upper_bound":135554.85824895848},"point_estimate":91363.48151496208,"standard_error":24713.509184452843}}