{"mean":{"confidence_interval":{"confidence_level":0.95,"lower_bound":-0.11882125953855725,"upper_bound":-0.023508123479355873},"point_estimate":-0.05928269166525513,"standard_error":0.028923890618390017},"median":{"confidence_interval":{"confidence_level":0.95,"lower_bound":-0.02122106923760636,"upper_bound":-0.01677378159850884},"point_estimate":-0.018189559303046332,"standard_error":0.0011605438506140829}}