{"mean":{"confidence_interval":{"confidence_level":0.95,"lower_bound":0.010349623612785625,"upper_bound":0.011437366430338608},"point_estimate":0.010867271087016794,"standard_error":0.0002769184908497546},"median":{"confidence_interval":{"confidence_level":0.95,"lower_bound":0.010101981496418277,"upper_bound":0.011499074150731054},"point_estimate":0.010915891108197018,"standard_error":0.0003445827269758011}}