{"mean":{"confidence_interval":{"confidence_level":0.95,"lower_bound":105965268.762625,"upper_bound":106011597.62725},"point_estimate":105987806.83,"standard_error":11810.771742185725},"median":{"confidence_interval":{"confidence_level":0.95,"lower_bound":105967355.0,"upper_bound":106006357.25},"point_estimate":105979653.25,"standard_error":10663.158970799383},"median_abs_dev":{"confidence_interval":{"confidence_level":0.95,"lower_bound":77928.41981649399,"upper_bound":137734.27885472775},"point_estimate":108045.95568180084,"standard_error":14635.067425286},"slope":null,"std_dev":{"confidence_interval":{"confidence_level":0.95,"lower_bound":94836.39588387734,"upper_bound":144365.45416856263},"point_estimate":118450.4839137439,"standard_error":12950.811552029867}}