{"mean":{"confidence_interval":{"confidence_level":0.95,"lower_bound":77674140.6015833,"upper_bound":77711055.78533335},"point_estimate":77692090.88,"standard_error":9408.231042199839},"median":{"confidence_interval":{"confidence_level":0.95,"lower_bound":77668533.66666667,"upper_bound":77706714.0},"point_estimate":77686188.83333333,"standard_error":9650.201812670492},"median_abs_dev":{"confidence_interval":{"confidence_level":0.95,"lower_bound":67777.55199670055,"upper_bound":105918.42471958311},"point_estimate":86818.83055866869,"standard_error":9903.206005733278},"slope":null,"std_dev":{"confidence_interval":{"confidence_level":0.95,"lower_bound":74791.64457954335,"upper_bound":117315.92180249389},"point_estimate":94760.10395416435,"standard_error":11228.462427004166}}