{"mean":{"confidence_interval":{"confidence_level":0.95,"lower_bound":76700215.782,"upper_bound":77034171.29266664},"point_estimate":76866102.53999999,"standard_error":84841.83058143375},"median":{"confidence_interval":{"confidence_level":0.95,"lower_bound":76621061.33333333,"upper_bound":76959592.5},"point_estimate":76701815.83333334,"standard_error":112598.78561942012},"median_abs_dev":{"confidence_interval":{"confidence_level":0.95,"lower_bound":591288.8350450282,"upper_bound":1196133.9835643694},"point_estimate":844258.4007114172,"standard_error":168748.0552988553},"slope":null,"std_dev":{"confidence_interval":{"confidence_level":0.95,"lower_bound":736292.7745401701,"upper_bound":961581.3962950496},"point_estimate":853918.0619599486,"standard_error":57700.364643095105}}