{"mean":{"confidence_interval":{"confidence_level":0.95,"lower_bound":83988919.28550002,"upper_bound":84041615.86158335},"point_estimate":84015167.82666668,"standard_error":13427.331589211035},"median":{"confidence_interval":{"confidence_level":0.95,"lower_bound":83979712.0,"upper_bound":84044974.33333334},"point_estimate":84010653.66666666,"standard_error":18268.662432875502},"median_abs_dev":{"confidence_interval":{"confidence_level":0.95,"lower_bound":108804.7997683213,"upper_bound":175047.05771727898},"point_estimate":150203.68593332943,"standard_error":16995.400688273174},"slope":null,"std_dev":{"confidence_interval":{"confidence_level":0.95,"lower_bound":117240.11555611642,"upper_bound":149621.32298446848},"point_estimate":134417.13789455223,"standard_error":8279.211389909908}}