{"mean":{"confidence_interval":{"confidence_level":0.95,"lower_bound":326942523.58525,"upper_bound":329091883.689},"point_estimate":327963396.74,"standard_error":548345.0702431126},"median":{"confidence_interval":{"confidence_level":0.95,"lower_bound":325822476.5,"upper_bound":326996991.0},"point_estimate":326338860.0,"standard_error":263994.6468706723},"median_abs_dev":{"confidence_interval":{"confidence_level":0.95,"lower_bound":2103495.7927554846,"upper_bound":3503999.016791582},"point_estimate":2725981.7003041506,"standard_error":352874.2198860143},"slope":null,"std_dev":{"confidence_interval":{"confidence_level":0.95,"lower_bound":4090511.90062637,"upper_bound":6747064.750349256},"point_estimate":5511855.555015822,"standard_error":677527.0779104042}}