{"mean":{"confidence_interval":{"confidence_level":0.95,"lower_bound":336131153.93125004,"upper_bound":337175250.73725},"point_estimate":336595506.94,"standard_error":268405.7455026617},"median":{"confidence_interval":{"confidence_level":0.95,"lower_bound":335816746.0,"upper_bound":336253501.0},"point_estimate":336000504.0,"standard_error":98663.83182413985},"median_abs_dev":{"confidence_interval":{"confidence_level":0.95,"lower_bound":595754.630023241,"upper_bound":1080739.8238105322},"point_estimate":832961.7302119732,"standard_error":121386.55131733503},"slope":null,"std_dev":{"confidence_interval":{"confidence_level":0.95,"lower_bound":1193173.235881225,"upper_bound":3925320.631941556},"point_estimate":2690338.2859131936,"standard_error":713738.3030944162}}