{"mean":{"confidence_interval":{"confidence_level":0.95,"lower_bound":325131326.3595,"upper_bound":328870937.27125},"point_estimate":326925042.22,"standard_error":961634.3179465267},"median":{"confidence_interval":{"confidence_level":0.95,"lower_bound":322502565.0,"upper_bound":324249719.5},"point_estimate":322952896.0,"standard_error":491342.92432536086},"median_abs_dev":{"confidence_interval":{"confidence_level":0.95,"lower_bound":3054675.5970686674,"upper_bound":6387114.816606045},"point_estimate":4699216.259372234,"standard_error":794763.7610677968},"slope":null,"std_dev":{"confidence_interval":{"confidence_level":0.95,"lower_bound":7668874.773643296,"upper_bound":11288483.985148564},"point_estimate":9654005.166393097,"standard_error":928667.2381781893}}