{"mean":{"confidence_interval":{"confidence_level":0.95,"lower_bound":348326960.76125,"upper_bound":352018829.8655},"point_estimate":350127288.25,"standard_error":941241.8069062481},"median":{"confidence_interval":{"confidence_level":0.95,"lower_bound":345045492.0,"upper_bound":345917047.0},"point_estimate":345329754.0,"standard_error":214519.54373561149},"median_abs_dev":{"confidence_interval":{"confidence_level":0.95,"lower_bound":1471928.2190680504,"upper_bound":5119127.860817313},"point_estimate":2570068.521872163,"standard_error":1093187.8133419647},"slope":null,"std_dev":{"confidence_interval":{"confidence_level":0.95,"lower_bound":8270835.109235815,"upper_bound":10318486.159007806},"point_estimate":9463460.31439016,"standard_error":523168.3576468086}}