{"mean":{"confidence_interval":{"confidence_level":0.95,"lower_bound":328671945.2385,"upper_bound":329357230.00175},"point_estimate":329024035.16,"standard_error":175106.82627893696},"median":{"confidence_interval":{"confidence_level":0.95,"lower_bound":329318693.0,"upper_bound":329793737.0},"point_estimate":329526442.0,"standard_error":108361.58944794686},"median_abs_dev":{"confidence_interval":{"confidence_level":0.95,"lower_bound":709936.3256961107,"upper_bound":1529183.2648515701},"point_estimate":984928.9688140154,"standard_error":214762.85888840194},"slope":null,"std_dev":{"confidence_interval":{"confidence_level":0.95,"lower_bound":1436394.6926405788,"upper_bound":2032640.086355247},"point_estimate":1751329.7661548308,"standard_error":151966.2283150633}}