{"mean":{"confidence_interval":{"confidence_level":0.95,"lower_bound":333165570.08924997,"upper_bound":333766115.1595},"point_estimate":333471735.02,"standard_error":153078.22118476074},"median":{"confidence_interval":{"confidence_level":0.95,"lower_bound":333444045.0,"upper_bound":334025329.0},"point_estimate":333708976.5,"standard_error":168263.95843104334},"median_abs_dev":{"confidence_interval":{"confidence_level":0.95,"lower_bound":787315.4422223568,"upper_bound":1386163.5170906782},"point_estimate":980370.7151949406,"standard_error":153359.4630842846},"slope":null,"std_dev":{"confidence_interval":{"confidence_level":0.95,"lower_bound":1270429.7255989516,"upper_bound":1767324.928454793},"point_estimate":1532260.512504952,"standard_error":126392.05909719232}}