{"mean":{"confidence_interval":{"confidence_level":0.95,"lower_bound":122621663.28325,"upper_bound":122868486.03525},"point_estimate":122727770.575,"standard_error":63539.056158096726},"median":{"confidence_interval":{"confidence_level":0.95,"lower_bound":122521080.0,"upper_bound":122853432.0},"point_estimate":122781094.5,"standard_error":85336.99531709561},"median_abs_dev":{"confidence_interval":{"confidence_level":0.95,"lower_bound":265348.33028912544,"upper_bound":475810.4389026761},"point_estimate":407135.2961719036,"standard_error":53651.796130383686},"slope":null,"std_dev":{"confidence_interval":{"confidence_level":0.95,"lower_bound":315323.7835599237,"upper_bound":995046.5483779124},"point_estimate":641674.0166099807,"standard_error":218330.45760935041}}