{"mean":{"confidence_interval":{"confidence_level":0.95,"lower_bound":134951664.855625,"upper_bound":135424619.42999998},"point_estimate":135180979.19,"standard_error":121092.32623308442},"median":{"confidence_interval":{"confidence_level":0.95,"lower_bound":134636581.0,"upper_bound":135068506.5},"point_estimate":134896396.75,"standard_error":112270.95562176182},"median_abs_dev":{"confidence_interval":{"confidence_level":0.95,"lower_bound":681432.2292521596,"upper_bound":1252685.0414603949},"point_estimate":1036497.5023984909,"standard_error":149522.54034724092},"slope":null,"std_dev":{"confidence_interval":{"confidence_level":0.95,"lower_bound":988913.1789741215,"upper_bound":1427899.861015391},"point_estimate":1218493.1818071776,"standard_error":112124.4029467024}}