{"mean":{"confidence_interval":{"confidence_level":0.95,"lower_bound":128013085.594,"upper_bound":128353389.087625},"point_estimate":128179609.95,"standard_error":87144.54682574667},"median":{"confidence_interval":{"confidence_level":0.95,"lower_bound":127694299.0,"upper_bound":127795298.0},"point_estimate":127738965.5,"standard_error":55149.253111423335},"median_abs_dev":{"confidence_interval":{"confidence_level":0.95,"lower_bound":406894.0030261874,"upper_bound":735899.9870851636},"point_estimate":545324.7332185507,"standard_error":92142.24375555661},"slope":null,"std_dev":{"confidence_interval":{"confidence_level":0.95,"lower_bound":764885.070831482,"upper_bound":987780.00961494},"point_estimate":876644.0854484014,"standard_error":57022.74673128957}}