{"mean":{"confidence_interval":{"confidence_level":0.95,"lower_bound":117124176.490375,"upper_bound":117187742.32775},"point_estimate":117155752.93,"standard_error":16233.24636964215},"median":{"confidence_interval":{"confidence_level":0.95,"lower_bound":117055702.5,"upper_bound":117142835.5},"point_estimate":117084924.25,"standard_error":25658.500783352025},"median_abs_dev":{"confidence_interval":{"confidence_level":0.95,"lower_bound":98768.95699650049,"upper_bound":228450.49409419298},"point_estimate":147073.17608892918,"standard_error":35351.70485870411},"slope":null,"std_dev":{"confidence_interval":{"confidence_level":0.95,"lower_bound":146799.3568223202,"upper_bound":176338.78387863204},"point_estimate":163011.07242016055,"standard_error":7517.695455240373}}