{"mean":{"confidence_interval":{"confidence_level":0.95,"lower_bound":-0.013698854741903793,"upper_bound":-0.009977688061673706},"point_estimate":-0.011875632221959975,"standard_error":0.0009472852232197145},"median":{"confidence_interval":{"confidence_level":0.95,"lower_bound":-0.010932041423643943,"upper_bound":-0.007960723482823052},"point_estimate":-0.009113762329130415,"standard_error":0.000831128947891231}}