{"mean":{"confidence_interval":{"confidence_level":0.95,"lower_bound":53394238.3025625,"upper_bound":53652941.97418749},"point_estimate":53519953.1575,"standard_error":65920.16040545648},"median":{"confidence_interval":{"confidence_level":0.95,"lower_bound":53126598.75,"upper_bound":53342990.0},"point_estimate":53218669.375,"standard_error":53265.82162255609},"median_abs_dev":{"confidence_interval":{"confidence_level":0.95,"lower_bound":201325.21562576294,"upper_bound":488261.80922599474},"point_estimate":314064.34152424335,"standard_error":74509.36862086467},"slope":null,"std_dev":{"confidence_interval":{"confidence_level":0.95,"lower_bound":554490.3434507537,"upper_bound":743124.0347946489},"point_estimate":659482.6682281415,"standard_error":48317.907059562385}}