{"mean":{"confidence_interval":{"confidence_level":0.95,"lower_bound":-0.005871534928753666,"upper_bound":0.007127975790175975},"point_estimate":0.0008040325024352146,"standard_error":0.0033200515535755856},"median":{"confidence_interval":{"confidence_level":0.95,"lower_bound":-0.007868601253474217,"upper_bound":-0.0027366792109217997},"point_estimate":-0.005077890272895402,"standard_error":0.0014245372330727595}}