{"mean":{"confidence_interval":{"confidence_level":0.95,"lower_bound":189850568.67075002,"upper_bound":200093781.183},"point_estimate":194872937.43,"standard_error":2616087.19813289},"median":{"confidence_interval":{"confidence_level":0.95,"lower_bound":184166613.0,"upper_bound":187195216.0},"point_estimate":184744634.5,"standard_error":835555.5543442372},"median_abs_dev":{"confidence_interval":{"confidence_level":0.95,"lower_bound":5410969.511336088,"upper_bound":10635546.553981304},"point_estimate":6620786.65715754,"standard_error":1432028.2488262868},"slope":null,"std_dev":{"confidence_interval":{"confidence_level":0.95,"lower_bound":21203513.305744477,"upper_bound":30670626.75250574},"point_estimate":26253368.76538715,"standard_error":2411393.7818724513}}