{"mean":{"confidence_interval":{"confidence_level":0.95,"lower_bound":540196553.36375,"upper_bound":542351564.74475},"point_estimate":541200371.69,"standard_error":546416.209445351},"median":{"confidence_interval":{"confidence_level":0.95,"lower_bound":540626039.5,"upper_bound":541137194.0},"point_estimate":540877334.0,"standard_error":131510.66504261355},"median_abs_dev":{"confidence_interval":{"confidence_level":0.95,"lower_bound":806634.4611793756,"upper_bound":1181538.7752234936},"point_estimate":998809.0697675943,"standard_error":97747.21190240256},"slope":null,"std_dev":{"confidence_interval":{"confidence_level":0.95,"lower_bound":2200354.976714294,"upper_bound":8003667.138823821},"point_estimate":5473609.40090811,"standard_error":1494903.3098726794}}