{"mean":{"confidence_interval":{"confidence_level":0.95,"lower_bound":550111217.9187499,"upper_bound":553287569.70775},"point_estimate":551704039.38,"standard_error":809448.5292719577},"median":{"confidence_interval":{"confidence_level":0.95,"lower_bound":551467168.5,"upper_bound":558037617.0},"point_estimate":557649601.5,"standard_error":1841961.5112356662},"median_abs_dev":{"confidence_interval":{"confidence_level":0.95,"lower_bound":1471731.2185965483,"upper_bound":9510513.370254636},"point_estimate":2398704.4278144836,"standard_error":1793432.8667400999},"slope":null,"std_dev":{"confidence_interval":{"confidence_level":0.95,"lower_bound":7618801.33927675,"upper_bound":8440163.716257175},"point_estimate":8155023.608783554,"standard_error":208908.44222609443}}