{"mean":{"confidence_interval":{"confidence_level":0.95,"lower_bound":529694513.732,"upper_bound":532864903.21999997},"point_estimate":531251608.56,"standard_error":809212.1404878082},"median":{"confidence_interval":{"confidence_level":0.95,"lower_bound":525104538.0,"upper_bound":527130682.5},"point_estimate":525335752.0,"standard_error":1239498.2398852073},"median_abs_dev":{"confidence_interval":{"confidence_level":0.95,"lower_bound":995020.2855348587,"upper_bound":4597896.118471026},"point_estimate":1471418.9459770918,"standard_error":1301429.564197467},"slope":null,"std_dev":{"confidence_interval":{"confidence_level":0.95,"lower_bound":7498994.04479715,"upper_bound":8700777.104964424},"point_estimate":8162538.197949951,"standard_error":301028.82319957094}}