{"mean":{"confidence_interval":{"confidence_level":0.95,"lower_bound":532216620.855,"upper_bound":535493161.21475},"point_estimate":533881033.29,"standard_error":838079.653394041},"median":{"confidence_interval":{"confidence_level":0.95,"lower_bound":539504877.0,"upper_bound":539926178.5},"point_estimate":539775570.0,"standard_error":802956.3898421325},"median_abs_dev":{"confidence_interval":{"confidence_level":0.95,"lower_bound":604395.2226698399,"upper_bound":2234035.01393795},"point_estimate":944514.7761315107,"standard_error":954229.7488068127},"slope":null,"std_dev":{"confidence_interval":{"confidence_level":0.95,"lower_bound":7608755.219755003,"upper_bound":9017878.865264667},"point_estimate":8409160.38489859,"standard_error":358042.96478237835}}