{"mean":{"confidence_interval":{"confidence_level":0.95,"lower_bound":430556383.17925,"upper_bound":432490570.06850004},"point_estimate":431403570.07,"standard_error":495423.1534069247},"median":{"confidence_interval":{"confidence_level":0.95,"lower_bound":429903519.0,"upper_bound":431530628.0},"point_estimate":430366884.5,"standard_error":435803.15323151374},"median_abs_dev":{"confidence_interval":{"confidence_level":0.95,"lower_bound":2327917.6920711994,"upper_bound":3384378.4031152725},"point_estimate":3023890.891215205,"standard_error":281912.86529501143},"slope":null,"std_dev":{"confidence_interval":{"confidence_level":0.95,"lower_bound":2633100.27699818,"upper_bound":7457076.853088134},"point_estimate":4977774.43544974,"standard_error":1462048.2098013381}}