{"mean":{"confidence_interval":{"confidence_level":0.95,"lower_bound":446920024.152,"upper_bound":447614918.027},"point_estimate":447258560.84,"standard_error":176709.055225506},"median":{"confidence_interval":{"confidence_level":0.95,"lower_bound":446848159.0,"upper_bound":447434392.0},"point_estimate":447154512.5,"standard_error":164024.67914580327},"median_abs_dev":{"confidence_interval":{"confidence_level":0.95,"lower_bound":946544.4554954767,"upper_bound":1650178.9900034666},"point_estimate":1327623.798429966,"standard_error":180351.31639250956},"slope":null,"std_dev":{"confidence_interval":{"confidence_level":0.95,"lower_bound":1343571.020629445,"upper_bound":2173744.9211735334},"point_estimate":1775385.1840048442,"standard_error":212470.5580589988}}