{"mean":{"confidence_interval":{"confidence_level":0.95,"lower_bound":241911098.31925,"upper_bound":242410208.4625},"point_estimate":242163495.83,"standard_error":127437.83488498942},"median":{"confidence_interval":{"confidence_level":0.95,"lower_bound":242610925.0,"upper_bound":242973193.0},"point_estimate":242748226.5,"standard_error":109801.05000209011},"median_abs_dev":{"confidence_interval":{"confidence_level":0.95,"lower_bound":468842.58967638016,"upper_bound":1290822.701883316},"point_estimate":808165.9869521856,"standard_error":218133.3622981559},"slope":null,"std_dev":{"confidence_interval":{"confidence_level":0.95,"lower_bound":1171206.2485953865,"upper_bound":1360622.0285703288},"point_estimate":1284489.3335994065,"standard_error":48254.56903491757}}