{"mean":{"confidence_interval":{"confidence_level":0.95,"lower_bound":237827147.28974998,"upper_bound":238789639.81125},"point_estimate":238333197.1,"standard_error":245698.99665921857},"median":{"confidence_interval":{"confidence_level":0.95,"lower_bound":237860382.0,"upper_bound":239226593.0},"point_estimate":238490320.0,"standard_error":294783.5657863398},"median_abs_dev":{"confidence_interval":{"confidence_level":0.95,"lower_bound":840472.5816786289,"upper_bound":1830222.2243070602},"point_estimate":1483454.6925634146,"standard_error":241018.92495077578},"slope":null,"std_dev":{"confidence_interval":{"confidence_level":0.95,"lower_bound":1756329.8120040495,"upper_bound":3070226.8083960847},"point_estimate":2470767.8360065427,"standard_error":335365.8292887553}}