{"mean":{"confidence_interval":{"confidence_level":0.95,"lower_bound":86427597.11283332,"upper_bound":86848794.69316669},"point_estimate":86642605.01,"standard_error":107841.82716582574},"median":{"confidence_interval":{"confidence_level":0.95,"lower_bound":86683057.33333333,"upper_bound":87083247.5},"point_estimate":86881250.33333334,"standard_error":97182.28440768392},"median_abs_dev":{"confidence_interval":{"confidence_level":0.95,"lower_bound":809864.7932445182,"upper_bound":1309541.5149509981},"point_estimate":1080455.8503180633,"standard_error":125208.74565598178},"slope":null,"std_dev":{"confidence_interval":{"confidence_level":0.95,"lower_bound":930179.0906861786,"upper_bound":1210025.178067534},"point_estimate":1083755.3685592092,"standard_error":71289.90360215363}}