{"mean":{"confidence_interval":{"confidence_level":0.95,"lower_bound":107384936.191375,"upper_bound":107435885.90325},"point_estimate":107410289.915,"standard_error":12990.822879709089},"median":{"confidence_interval":{"confidence_level":0.95,"lower_bound":107378454.5,"upper_bound":107433700.0},"point_estimate":107400378.75,"standard_error":13597.77788108359},"median_abs_dev":{"confidence_interval":{"confidence_level":0.95,"lower_bound":91534.2397749424,"upper_bound":155095.89519649744},"point_estimate":125678.88781875372,"standard_error":16069.298645688525},"slope":null,"std_dev":{"confidence_interval":{"confidence_level":0.95,"lower_bound":112375.31040793956,"upper_bound":145532.84819132843},"point_estimate":130072.88317198167,"standard_error":8478.780323982643}}