{"mean":{"confidence_interval":{"confidence_level":0.95,"lower_bound":-0.03544754256442988,"upper_bound":-0.022373504134277165},"point_estimate":-0.028754669770589603,"standard_error":0.0033333204045609037},"median":{"confidence_interval":{"confidence_level":0.95,"lower_bound":-0.019869681323453903,"upper_bound":-0.0071683187429614215},"point_estimate":-0.01171510399122444,"standard_error":0.003422244267718906}}