{"mean":{"confidence_interval":{"confidence_level":0.95,"lower_bound":98217571.047,"upper_bound":98367298.1299167},"point_estimate":98279051.26666667,"standard_error":39085.854582480286},"median":{"confidence_interval":{"confidence_level":0.95,"lower_bound":98189516.0,"upper_bound":98278574.66666667},"point_estimate":98232611.83333334,"standard_error":23041.133670342326},"median_abs_dev":{"confidence_interval":{"confidence_level":0.95,"lower_bound":132362.07785010338,"upper_bound":217427.981039878},"point_estimate":171203.47906052697,"standard_error":21877.87037074985},"slope":null,"std_dev":{"confidence_interval":{"confidence_level":0.95,"lower_bound":151409.70926135327,"upper_bound":632901.3017994495},"point_estimate":393447.8477204665,"standard_error":157448.04259048708}}