{"mean":{"confidence_interval":{"confidence_level":0.95,"lower_bound":100015052.215375,"upper_bound":100109794.62612501},"point_estimate":100062029.395,"standard_error":24112.686555915498},"median":{"confidence_interval":{"confidence_level":0.95,"lower_bound":99998754.5,"upper_bound":100097188.0},"point_estimate":100045384.5,"standard_error":22615.479608268768},"median_abs_dev":{"confidence_interval":{"confidence_level":0.95,"lower_bound":167861.4516198635,"upper_bound":319017.81923130143},"point_estimate":247800.27700066566,"standard_error":40114.71351117763},"slope":null,"std_dev":{"confidence_interval":{"confidence_level":0.95,"lower_bound":202386.87455485566,"upper_bound":282872.75386056944},"point_estimate":242354.47367342268,"standard_error":20720.70993216411}}