{"mean":{"confidence_interval":{"confidence_level":0.95,"lower_bound":82258235.8125833,"upper_bound":82805501.70166668},"point_estimate":82511139.49000001,"standard_error":140407.0730712266},"median":{"confidence_interval":{"confidence_level":0.95,"lower_bound":81965228.83333334,"upper_bound":82122321.66666667},"point_estimate":81998115.83333333,"standard_error":45639.423575040346},"median_abs_dev":{"confidence_interval":{"confidence_level":0.95,"lower_bound":332367.0196668138,"upper_bound":644680.6453671155},"point_estimate":448184.5358431376,"standard_error":77119.43932596249},"slope":null,"std_dev":{"confidence_interval":{"confidence_level":0.95,"lower_bound":866632.2082002502,"upper_bound":1857344.267171047},"point_estimate":1411316.8825847742,"standard_error":253864.29197806426}}