{"mean":{"confidence_interval":{"confidence_level":0.95,"lower_bound":95939990.448,"upper_bound":96330004.47025},"point_estimate":96124918.09,"standard_error":99917.38169487685},"median":{"confidence_interval":{"confidence_level":0.95,"lower_bound":95778962.83333334,"upper_bound":95920860.0},"point_estimate":95845150.33333333,"standard_error":36522.874373423},"median_abs_dev":{"confidence_interval":{"confidence_level":0.95,"lower_bound":371982.4801460056,"upper_bound":601001.0880176008},"point_estimate":473478.6797940731,"standard_error":55415.59516439286},"slope":null,"std_dev":{"confidence_interval":{"confidence_level":0.95,"lower_bound":710831.5348965959,"upper_bound":1269935.3937882485},"point_estimate":1008736.8787248648,"standard_error":143132.93990138595}}