{"mean":{"confidence_interval":{"confidence_level":0.95,"lower_bound":101485617.94587499,"upper_bound":102657326.318625},"point_estimate":102040024.895,"standard_error":299209.61249101453},"median":{"confidence_interval":{"confidence_level":0.95,"lower_bound":100746808.5,"upper_bound":100863976.5},"point_estimate":100805751.0,"standard_error":27778.271857115567},"median_abs_dev":{"confidence_interval":{"confidence_level":0.95,"lower_bound":204134.74257588387,"upper_bound":561940.9724235535},"point_estimate":335961.23118549585,"standard_error":91207.47204491297},"slope":null,"std_dev":{"confidence_interval":{"confidence_level":0.95,"lower_bound":2315553.8002129346,"upper_bound":3542093.1620871113},"point_estimate":3007860.134235578,"standard_error":313534.20108012744}}