{"mean":{"confidence_interval":{"confidence_level":0.95,"lower_bound":-0.26783229345309784,"upper_bound":-0.2626200736854672},"point_estimate":-0.2651281318558941,"standard_error":0.0013284523782993503},"median":{"confidence_interval":{"confidence_level":0.95,"lower_bound":-0.26984342884370804,"upper_bound":-0.26411104508979116},"point_estimate":-0.26929238296941416,"standard_error":0.0011115789741782279}}