{"mean":{"confidence_interval":{"confidence_level":0.95,"lower_bound":5812993937.981,"upper_bound":6050521648.48575},"point_estimate":5932929855.76,"standard_error":60640698.368653834},"median":{"confidence_interval":{"confidence_level":0.95,"lower_bound":6127234031.0,"upper_bound":6197246283.5},"point_estimate":6175370705.5,"standard_error":16371295.904399365},"median_abs_dev":{"confidence_interval":{"confidence_level":0.95,"lower_bound":109985538.18666637,"upper_bound":334628884.8613693},"point_estimate":181277766.3909763,"standard_error":65333615.11463817},"slope":null,"std_dev":{"confidence_interval":{"confidence_level":0.95,"lower_bound":522878897.5175929,"upper_bound":686588744.9893652},"point_estimate":609930830.727369,"standard_error":41782759.90722687}}