{"mean":{"confidence_interval":{"confidence_level":0.95,"lower_bound":87318339.50975001,"upper_bound":87688460.63499998},"point_estimate":87497197.41333333,"standard_error":94400.51659148555},"median":{"confidence_interval":{"confidence_level":0.95,"lower_bound":87133429.5,"upper_bound":87533642.0},"point_estimate":87374597.5,"standard_error":102909.35064067665},"median_abs_dev":{"confidence_interval":{"confidence_level":0.95,"lower_bound":710293.7002422587,"upper_bound":1153192.835131742},"point_estimate":1003734.7610801496,"standard_error":105820.68336935667},"slope":null,"std_dev":{"confidence_interval":{"confidence_level":0.95,"lower_bound":747789.1725485193,"upper_bound":1146765.1577144158},"point_estimate":947559.4472046616,"standard_error":102751.22852774494}}