{"mean":{"confidence_interval":{"confidence_level":0.95,"lower_bound":81784651.57808334,"upper_bound":82654148.97283334},"point_estimate":82140815.4833333,"standard_error":227253.27906293818},"median":{"confidence_interval":{"confidence_level":0.95,"lower_bound":81585213.16666666,"upper_bound":81669280.33333333},"point_estimate":81625253.16666667,"standard_error":22897.60397622826},"median_abs_dev":{"confidence_interval":{"confidence_level":0.95,"lower_bound":110149.76504445076,"upper_bound":205648.97134899357},"point_estimate":154958.13694894683,"standard_error":25721.45858783042},"slope":null,"std_dev":{"confidence_interval":{"confidence_level":0.95,"lower_bound":709970.4888133461,"upper_bound":3664135.749656056},"point_estimate":2287136.0265134736,"standard_error":881969.893620276}}