{"mean":{"confidence_interval":{"confidence_level":0.95,"lower_bound":83169119.52741668,"upper_bound":83252801.53550002},"point_estimate":83209047.45999998,"standard_error":21317.293222320037},"median":{"confidence_interval":{"confidence_level":0.95,"lower_bound":83137251.5,"upper_bound":83244289.16666667},"point_estimate":83171714.83333334,"standard_error":28623.561712834457},"median_abs_dev":{"confidence_interval":{"confidence_level":0.95,"lower_bound":137489.89695907375,"upper_bound":216790.71015118816},"point_estimate":181464.55347835648,"standard_error":20004.901959969247},"slope":null,"std_dev":{"confidence_interval":{"confidence_level":0.95,"lower_bound":153853.58004825818,"upper_bound":273913.0021012066},"point_estimate":213883.6903319492,"standard_error":31232.67108223861}}