{"mean":{"confidence_interval":{"confidence_level":0.95,"lower_bound":-0.0011606084517419401,"upper_bound":-0.00005726987560361638},"point_estimate":-0.0005961186305618593,"standard_error":0.0002822400365973729},"median":{"confidence_interval":{"confidence_level":0.95,"lower_bound":-0.0005711322647371508,"upper_bound":0.0007603311533894708},"point_estimate":0.00038078223251925003,"standard_error":0.0003405655089081094}}