{"mean":{"confidence_interval":{"confidence_level":0.95,"lower_bound":-0.02036077380838853,"upper_bound":-0.01437182609088989},"point_estimate":-0.017315822730529562,"standard_error":0.0015237701991675132},"median":{"confidence_interval":{"confidence_level":0.95,"lower_bound":-0.017836766206667076,"upper_bound":-0.013701457010970586},"point_estimate":-0.016041528754677903,"standard_error":0.0010306348579019338}}