{"mean":{"confidence_interval":{"confidence_level":0.95,"lower_bound":0.008014461246814847,"upper_bound":0.011081479836108465},"point_estimate":0.00946104517192814,"standard_error":0.0007802194889734549},"median":{"confidence_interval":{"confidence_level":0.95,"lower_bound":0.006422737889840397,"upper_bound":0.014772050101709677},"point_estimate":0.007492880140274716,"standard_error":0.002085145566345055}}