{"mean":{"confidence_interval":{"confidence_level":0.95,"lower_bound":0.01612372601268914,"upper_bound":0.019055824332078617},"point_estimate":0.017620542700515163,"standard_error":0.0007410153138113528},"median":{"confidence_interval":{"confidence_level":0.95,"lower_bound":0.016212177878398126,"upper_bound":0.020070833949061395},"point_estimate":0.018174326273885155,"standard_error":0.0009756751878084819}}