{"mean":{"confidence_interval":{"confidence_level":0.95,"lower_bound":88848232.60408334,"upper_bound":89751877.21816668},"point_estimate":89289329.56666665,"standard_error":231235.0429610423},"median":{"confidence_interval":{"confidence_level":0.95,"lower_bound":88855971.0,"upper_bound":89357560.83333334},"point_estimate":89115705.16666666,"standard_error":130322.13690700431},"median_abs_dev":{"confidence_interval":{"confidence_level":0.95,"lower_bound":1127168.1276887546,"upper_bound":2474841.372662779},"point_estimate":1903113.7578129952,"standard_error":363175.81588101655},"slope":null,"std_dev":{"confidence_interval":{"confidence_level":0.95,"lower_bound":1875783.5205159879,"upper_bound":2697768.603888513},"point_estimate":2310504.9223290025,"standard_error":209792.01181202268}}