{"mean":{"confidence_interval":{"confidence_level":0.95,"lower_bound":83365584.412,"upper_bound":83671546.11716665},"point_estimate":83503135.35999998,"standard_error":78608.23007821111},"median":{"confidence_interval":{"confidence_level":0.95,"lower_bound":83266675.33333333,"upper_bound":83346940.33333333},"point_estimate":83286060.83333333,"standard_error":20596.0572253893},"median_abs_dev":{"confidence_interval":{"confidence_level":0.95,"lower_bound":116020.613840215,"upper_bound":239338.33765089512},"point_estimate":163111.20130420837,"standard_error":30094.257253363397},"slope":null,"std_dev":{"confidence_interval":{"confidence_level":0.95,"lower_bound":363599.82156246493,"upper_bound":1107111.1371621802},"point_estimate":791946.5598525793,"standard_error":184109.54161477234}}