{"mean":{"confidence_interval":{"confidence_level":0.95,"lower_bound":77795491.80866666,"upper_bound":77885490.68824999},"point_estimate":77839033.9,"standard_error":23026.79438137132},"median":{"confidence_interval":{"confidence_level":0.95,"lower_bound":77815443.33333333,"upper_bound":77889435.66666667},"point_estimate":77844149.16666666,"standard_error":19834.64429899737},"median_abs_dev":{"confidence_interval":{"confidence_level":0.95,"lower_bound":120012.02006936073,"upper_bound":230237.60156996825},"point_estimate":172685.33773422978,"standard_error":27592.194453096585},"slope":null,"std_dev":{"confidence_interval":{"confidence_level":0.95,"lower_bound":176902.9748719462,"upper_bound":284148.1493082912},"point_estimate":230905.51118619528,"standard_error":27710.83419382106}}