{"mean":{"confidence_interval":{"confidence_level":0.95,"lower_bound":761910515.497,"upper_bound":789873231.67425},"point_estimate":774367139.77,"standard_error":7172030.800781848},"median":{"confidence_interval":{"confidence_level":0.95,"lower_bound":750420631.0,"upper_bound":758854028.0},"point_estimate":752689807.0,"standard_error":1810110.9987310548},"median_abs_dev":{"confidence_interval":{"confidence_level":0.95,"lower_bound":11779989.195263386,"upper_bound":24994939.46185112},"point_estimate":16820075.203683972,"standard_error":3578531.9446774465},"slope":null,"std_dev":{"confidence_interval":{"confidence_level":0.95,"lower_bound":34586830.30042555,"upper_bound":103049458.51533093},"point_estimate":71909396.67113136,"standard_error":18139989.365797583}}