{"mean":{"confidence_interval":{"confidence_level":0.95,"lower_bound":-0.023925488144796527,"upper_bound":-0.011097650004139765},"point_estimate":-0.01727802252919064,"standard_error":0.0032686113310791834},"median":{"confidence_interval":{"confidence_level":0.95,"lower_bound":-0.011127990014438982,"upper_bound":0.0012667251780296152},"point_estimate":-0.005176955388580651,"standard_error":0.003131196267223719}}