{"mean":{"confidence_interval":{"confidence_level":0.95,"lower_bound":327257162.4795,"upper_bound":341810241.7295},"point_estimate":334269316.5,"standard_error":3713269.5478118234},"median":{"confidence_interval":{"confidence_level":0.95,"lower_bound":323261410.0,"upper_bound":331700482.0},"point_estimate":327325089.5,"standard_error":2332572.6696601147},"median_abs_dev":{"confidence_interval":{"confidence_level":0.95,"lower_bound":16974631.061840057,"upper_bound":32621289.747463807},"point_estimate":23350977.754837275,"standard_error":4028620.954420825},"slope":null,"std_dev":{"confidence_interval":{"confidence_level":0.95,"lower_bound":28579900.965929907,"upper_bound":45483917.88332702},"point_estimate":37283689.0148542,"standard_error":4344689.848914822}}