{"mean":{"confidence_interval":{"confidence_level":0.95,"lower_bound":42364386.55975,"upper_bound":43012127.13625001},"point_estimate":42678802.644,"standard_error":165564.24686048293},"median":{"confidence_interval":{"confidence_level":0.95,"lower_bound":41708938.4,"upper_bound":41742024.0},"point_estimate":41717948.1,"standard_error":11930.496648960454},"median_abs_dev":{"confidence_interval":{"confidence_level":0.95,"lower_bound":42709.40570175317,"upper_bound":122716.90140683841},"point_estimate":67372.30800390244,"standard_error":24252.30421083351},"slope":null,"std_dev":{"confidence_interval":{"confidence_level":0.95,"lower_bound":1383478.679336554,"upper_bound":1854117.73161788},"point_estimate":1662122.4100108414,"standard_error":118822.70020607453}}