{"mean":{"confidence_interval":{"confidence_level":0.95,"lower_bound":43322822.181750014,"upper_bound":43471451.31480001},"point_estimate":43394112.59800001,"standard_error":37949.43231296534},"median":{"confidence_interval":{"confidence_level":0.95,"lower_bound":43251150.2,"upper_bound":43335786.3},"point_estimate":43295671.3,"standard_error":20448.306824545358},"median_abs_dev":{"confidence_interval":{"confidence_level":0.95,"lower_bound":104528.63550424244,"upper_bound":227488.50910128048},"point_estimate":127430.95033764839,"standard_error":32311.021483688502},"slope":null,"std_dev":{"confidence_interval":{"confidence_level":0.95,"lower_bound":292677.62904247176,"upper_bound":454113.7971163495},"point_estimate":380460.7829327399,"standard_error":41071.59346353579}}