{"mean":{"confidence_interval":{"confidence_level":0.95,"lower_bound":45176389.105399996,"upper_bound":45838749.14629999},"point_estimate":45471525.422000006,"standard_error":170151.29140821355},"median":{"confidence_interval":{"confidence_level":0.95,"lower_bound":45002612.0,"upper_bound":45072557.4},"point_estimate":45048072.400000006,"standard_error":17844.36158395585},"median_abs_dev":{"confidence_interval":{"confidence_level":0.95,"lower_bound":92557.23375678062,"upper_bound":184977.1787559964},"point_estimate":149311.60552920128,"standard_error":22349.603509169137},"slope":null,"std_dev":{"confidence_interval":{"confidence_level":0.95,"lower_bound":751547.8996280784,"upper_bound":2448527.7025627894},"point_estimate":1705333.8519792676,"standard_error":432467.9225822096}}