{"mean":{"confidence_interval":{"confidence_level":0.95,"lower_bound":47013639.85830003,"upper_bound":47078480.99580001},"point_estimate":47046779.42600001,"standard_error":16549.178411826208},"median":{"confidence_interval":{"confidence_level":0.95,"lower_bound":47053472.8,"upper_bound":47102819.8},"point_estimate":47078666.0,"standard_error":14046.299719918336},"median_abs_dev":{"confidence_interval":{"confidence_level":0.95,"lower_bound":75039.87028778042,"upper_bound":141300.96961141075},"point_estimate":97475.46264946571,"standard_error":17364.279275159377},"slope":null,"std_dev":{"confidence_interval":{"confidence_level":0.95,"lower_bound":135473.17324408368,"upper_bound":192765.1046556191},"point_estimate":166470.49407580387,"standard_error":14551.214795689322}}