{"mean":{"confidence_interval":{"confidence_level":0.95,"lower_bound":47690766.36179999,"upper_bound":47760412.42564999},"point_estimate":47727147.74800001,"standard_error":17870.345914374833},"median":{"confidence_interval":{"confidence_level":0.95,"lower_bound":47782304.8,"upper_bound":47795101.4},"point_estimate":47787711.7,"standard_error":3117.3650630402426},"median_abs_dev":{"confidence_interval":{"confidence_level":0.95,"lower_bound":22753.75831604446,"upper_bound":44162.946715950966},"point_estimate":32656.19180024333,"standard_error":5889.384025729831},"slope":null,"std_dev":{"confidence_interval":{"confidence_level":0.95,"lower_bound":140154.0988223854,"upper_bound":209876.50564828713},"point_estimate":179523.2333852489,"standard_error":17750.491752777525}}