{"mean":{"confidence_interval":{"confidence_level":0.95,"lower_bound":47937147.21584998,"upper_bound":48068844.949399985},"point_estimate":48003771.5,"standard_error":33612.609380696114},"median":{"confidence_interval":{"confidence_level":0.95,"lower_bound":47946348.4,"upper_bound":47973812.8},"point_estimate":47959855.3,"standard_error":6690.505791505254},"median_abs_dev":{"confidence_interval":{"confidence_level":0.95,"lower_bound":44161.31585597771,"upper_bound":646987.3547136784},"point_estimate":85368.6995244004,"standard_error":236859.95180003616},"slope":null,"std_dev":{"confidence_interval":{"confidence_level":0.95,"lower_bound":294384.107697945,"upper_bound":374848.00093451346},"point_estimate":338485.70169679215,"standard_error":20562.953111219333}}