{"mean":{"confidence_interval":{"confidence_level":0.95,"lower_bound":47183676.999149986,"upper_bound":47608548.47925},"point_estimate":47400599.79,"standard_error":108246.56651918046},"median":{"confidence_interval":{"confidence_level":0.95,"lower_bound":47768503.3,"upper_bound":47965873.099999994},"point_estimate":47843347.4,"standard_error":58698.240731429614},"median_abs_dev":{"confidence_interval":{"confidence_level":0.95,"lower_bound":462405.19989466685,"upper_bound":995024.7333347797},"point_estimate":791715.6506842353,"standard_error":143514.9840568972},"slope":null,"std_dev":{"confidence_interval":{"confidence_level":0.95,"lower_bound":948243.9424033714,"upper_bound":1193548.5707942771},"point_estimate":1086410.3524382531,"standard_error":62426.02527952766}}