{"mean":{"confidence_interval":{"confidence_level":0.95,"lower_bound":48052509.191700004,"upper_bound":48062515.15124999},"point_estimate":48057535.936000004,"standard_error":2559.537777570059},"median":{"confidence_interval":{"confidence_level":0.95,"lower_bound":48050242.8,"upper_bound":48061434.8},"point_estimate":48055045.4,"standard_error":2760.780174962638},"median_abs_dev":{"confidence_interval":{"confidence_level":0.95,"lower_bound":17802.615703939286,"upper_bound":31029.03832913108},"point_estimate":23152.725968958053,"standard_error":3259.528175729216},"slope":null,"std_dev":{"confidence_interval":{"confidence_level":0.95,"lower_bound":22045.58360305499,"upper_bound":29155.184127110737},"point_estimate":25756.913803911248,"standard_error":1817.1931724408503}}