{"mean":{"confidence_interval":{"confidence_level":0.95,"lower_bound":158050759.46525,"upper_bound":158115636.545125},"point_estimate":158082177.245,"standard_error":16541.105709731964},"median":{"confidence_interval":{"confidence_level":0.95,"lower_bound":158007139.25,"upper_bound":158066524.5},"point_estimate":158037611.75,"standard_error":15705.071494626598},"median_abs_dev":{"confidence_interval":{"confidence_level":0.95,"lower_bound":95384.6260365844,"upper_bound":172540.53713679314},"point_estimate":134214.9571672082,"standard_error":20263.763731562463},"slope":null,"std_dev":{"confidence_interval":{"confidence_level":0.95,"lower_bound":132737.13317222736,"upper_bound":195885.46940396912},"point_estimate":165942.3623652078,"standard_error":16152.575618650706}}