{"mean":{"confidence_interval":{"confidence_level":0.95,"lower_bound":145586812.19799998,"upper_bound":145760088.801},"point_estimate":145676328.6,"standard_error":44215.95266176108},"median":{"confidence_interval":{"confidence_level":0.95,"lower_bound":145835651.5,"upper_bound":145896858.0},"point_estimate":145868769.5,"standard_error":14587.436034307768},"median_abs_dev":{"confidence_interval":{"confidence_level":0.95,"lower_bound":93387.86039203405,"upper_bound":167851.44407004118},"point_estimate":126491.723254323,"standard_error":20477.22572000101},"slope":null,"std_dev":{"confidence_interval":{"confidence_level":0.95,"lower_bound":369369.6427402087,"upper_bound":499316.44754977437},"point_estimate":444412.2948474829,"standard_error":33291.599703131295}}