{"mean":{"confidence_interval":{"confidence_level":0.95,"lower_bound":-0.02188428945179512,"upper_bound":-0.010889116794499635},"point_estimate":-0.016170987172922424,"standard_error":0.002811797215812467},"median":{"confidence_interval":{"confidence_level":0.95,"lower_bound":-0.009503724239370737,"upper_bound":-0.003121157977794664},"point_estimate":-0.005241469007911226,"standard_error":0.0016680746454431968}}