{"mean":{"confidence_interval":{"confidence_level":0.95,"lower_bound":168020377.92137498,"upper_bound":168557372.87625},"point_estimate":168286795.825,"standard_error":137207.84105249544},"median":{"confidence_interval":{"confidence_level":0.95,"lower_bound":167822184.5,"upper_bound":168502515.75},"point_estimate":168219654.5,"standard_error":160487.87980089945},"median_abs_dev":{"confidence_interval":{"confidence_level":0.95,"lower_bound":1018882.7599099653,"upper_bound":1679769.4615781307},"point_estimate":1347201.5310823917,"standard_error":169288.95078372586},"slope":null,"std_dev":{"confidence_interval":{"confidence_level":0.95,"lower_bound":1190695.9749722069,"upper_bound":1539466.4529537177},"point_estimate":1378659.685354079,"standard_error":88798.08271122714}}