{"mean":{"confidence_interval":{"confidence_level":0.95,"lower_bound":85827560.10383332,"upper_bound":85975680.66858333},"point_estimate":85893376.33,"standard_error":38164.74591142816},"median":{"confidence_interval":{"confidence_level":0.95,"lower_bound":85741917.0,"upper_bound":85838582.0},"point_estimate":85799822.66666666,"standard_error":25764.75908125258},"median_abs_dev":{"confidence_interval":{"confidence_level":0.95,"lower_bound":115443.14115047823,"upper_bound":223973.65992368004},"point_estimate":173848.9316135424,"standard_error":28192.151284555606},"slope":null,"std_dev":{"confidence_interval":{"confidence_level":0.95,"lower_bound":198748.647654008,"upper_bound":565075.4243564171},"point_estimate":382313.66236568184,"standard_error":103931.97637618806}}