{"mean":{"confidence_interval":{"confidence_level":0.95,"lower_bound":80979155.77241665,"upper_bound":81093411.12516668},"point_estimate":81031955.79,"standard_error":29123.490116435096},"median":{"confidence_interval":{"confidence_level":0.95,"lower_bound":80922960.33333333,"upper_bound":81031460.0},"point_estimate":80956182.0,"standard_error":25232.92527374695},"median_abs_dev":{"confidence_interval":{"confidence_level":0.95,"lower_bound":120888.97795379162,"upper_bound":225752.0385921075},"point_estimate":168280.53321241963,"standard_error":27285.428194915294},"slope":null,"std_dev":{"confidence_interval":{"confidence_level":0.95,"lower_bound":182810.51490107956,"upper_bound":403911.027396278},"point_estimate":293192.40022578713,"standard_error":58450.72968966526}}