{"mean":{"confidence_interval":{"confidence_level":0.95,"lower_bound":85038697.24925,"upper_bound":85148077.77383335},"point_estimate":85088831.66,"standard_error":27948.668119358823},"median":{"confidence_interval":{"confidence_level":0.95,"lower_bound":85014202.66666667,"upper_bound":85090346.66666667},"point_estimate":85035848.33333334,"standard_error":18096.441119030078},"median_abs_dev":{"confidence_interval":{"confidence_level":0.95,"lower_bound":110383.52164028602,"upper_bound":190254.14742231},"point_estimate":150317.35193135196,"standard_error":21090.22774345235},"slope":null,"std_dev":{"confidence_interval":{"confidence_level":0.95,"lower_bound":169872.83039812383,"upper_bound":389118.8894674576},"point_estimate":280855.5574166551,"standard_error":57865.917274380445}}