{"mean":{"confidence_interval":{"confidence_level":0.95,"lower_bound":0.06722584047436736,"upper_bound":0.0706105106477183},"point_estimate":0.06897013387583595,"standard_error":0.0008604093169754727},"median":{"confidence_interval":{"confidence_level":0.95,"lower_bound":0.06843725144493906,"upper_bound":0.06901078086907986},"point_estimate":0.06878542576976443,"standard_error":0.00014020061896179067}}