{"mean":{"confidence_interval":{"confidence_level":0.95,"lower_bound":0.0022973720151798997,"upper_bound":0.004248873309146255},"point_estimate":0.0031427199345854806,"standard_error":0.0005107348225654954},"median":{"confidence_interval":{"confidence_level":0.95,"lower_bound":0.00251127694623432,"upper_bound":0.0036624681923058677},"point_estimate":0.003034294136059934,"standard_error":0.00029375926233829686}}