{"mean":{"confidence_interval":{"confidence_level":0.95,"lower_bound":89539541.05516666,"upper_bound":89767406.8265},"point_estimate":89641462.7333333,"standard_error":58440.50049211977},"median":{"confidence_interval":{"confidence_level":0.95,"lower_bound":89476922.33333333,"upper_bound":89635229.0},"point_estimate":89558369.83333334,"standard_error":36223.42752219552},"median_abs_dev":{"confidence_interval":{"confidence_level":0.95,"lower_bound":253200.40030478695,"upper_bound":386798.2252329735},"point_estimate":314324.29071962094,"standard_error":32983.57575966812},"slope":null,"std_dev":{"confidence_interval":{"confidence_level":0.95,"lower_bound":324019.1641471467,"upper_bound":864399.4773969556},"point_estimate":587846.9876116826,"standard_error":158319.87418153614}}