{"mean":{"confidence_interval":{"confidence_level":0.95,"lower_bound":88019069.28991665,"upper_bound":88086711.90316662},"point_estimate":88052583.36666664,"standard_error":17255.458596826003},"median":{"confidence_interval":{"confidence_level":0.95,"lower_bound":88032778.16666666,"upper_bound":88115575.66666667},"point_estimate":88071025.16666666,"standard_error":20455.50658168402},"median_abs_dev":{"confidence_interval":{"confidence_level":0.95,"lower_bound":118566.48509502411,"upper_bound":205704.07464802265},"point_estimate":161905.60042561573,"standard_error":24077.183448884705},"slope":null,"std_dev":{"confidence_interval":{"confidence_level":0.95,"lower_bound":141262.81450956134,"upper_bound":209202.82222196524},"point_estimate":173665.49674687238,"standard_error":17621.61981914541}}