{"mean":{"confidence_interval":{"confidence_level":0.95,"lower_bound":76056151.63333333,"upper_bound":76086803.33933333},"point_estimate":76070599.54000002,"standard_error":7844.968450618529},"median":{"confidence_interval":{"confidence_level":0.95,"lower_bound":76044758.66666667,"upper_bound":76072415.66666667},"point_estimate":76061911.33333333,"standard_error":6979.187179925976},"median_abs_dev":{"confidence_interval":{"confidence_level":0.95,"lower_bound":43356.36291024907,"upper_bound":65870.18713056305},"point_estimate":54185.07543801525,"standard_error":5706.722198741065},"slope":null,"std_dev":{"confidence_interval":{"confidence_level":0.95,"lower_bound":52409.10662738889,"upper_bound":101419.3713791843},"point_estimate":78701.2180166024,"standard_error":12471.763086416193}}