{"mean":{"confidence_interval":{"confidence_level":0.95,"lower_bound":-0.00820542720736679,"upper_bound":0.003164689018083618},"point_estimate":-0.0026158322693220493,"standard_error":0.002911157325575197},"median":{"confidence_interval":{"confidence_level":0.95,"lower_bound":-0.0112108532723465,"upper_bound":0.004074161489133398},"point_estimate":-0.0060394683806358485,"standard_error":0.003832340470678683}}