{"mean":{"confidence_interval":{"confidence_level":0.95,"lower_bound":-0.03327362853511509,"upper_bound":-0.0167010715677686},"point_estimate":-0.02507112504626341,"standard_error":0.004223706766058069},"median":{"confidence_interval":{"confidence_level":0.95,"lower_bound":-0.05526545646686698,"upper_bound":0.0015165028786670596},"point_estimate":-0.031793168320030096,"standard_error":0.016183086390753297}}