{"mean":{"confidence_interval":{"confidence_level":0.95,"lower_bound":142207042.0485,"upper_bound":152779944.16175002},"point_estimate":147411000.33,"standard_error":2707488.29609369},"median":{"confidence_interval":{"confidence_level":0.95,"lower_bound":137050867.0,"upper_bound":145384604.5},"point_estimate":141652544.0,"standard_error":2447603.446843372},"median_abs_dev":{"confidence_interval":{"confidence_level":0.95,"lower_bound":19304430.173277855,"upper_bound":33316458.061614633},"point_estimate":25950221.62029147,"standard_error":3527703.687128784},"slope":null,"std_dev":{"confidence_interval":{"confidence_level":0.95,"lower_bound":23103748.14715341,"upper_bound":31021327.14159979},"point_estimate":27276275.90691692,"standard_error":2021117.7361908597}}