{"mean":{"confidence_interval":{"confidence_level":0.95,"lower_bound":239840658.2785,"upper_bound":242887808.005},"point_estimate":241296719.4,"standard_error":778022.916104175},"median":{"confidence_interval":{"confidence_level":0.95,"lower_bound":236534544.5,"upper_bound":241349984.0},"point_estimate":239618150.0,"standard_error":1276482.2201062334},"median_abs_dev":{"confidence_interval":{"confidence_level":0.95,"lower_bound":3406057.7212303877,"upper_bound":8402813.262820244},"point_estimate":6869400.8815437555,"standard_error":1310680.121276892},"slope":null,"std_dev":{"confidence_interval":{"confidence_level":0.95,"lower_bound":6002881.76670049,"upper_bound":9587374.358214993},"point_estimate":7841858.396475869,"standard_error":917864.605352792}}