{"mean":{"confidence_interval":{"confidence_level":0.95,"lower_bound":280313197.947,"upper_bound":281411999.9465},"point_estimate":280864480.92,"standard_error":280355.67396203283},"median":{"confidence_interval":{"confidence_level":0.95,"lower_bound":280936061.5,"upper_bound":281766812.0},"point_estimate":281338465.0,"standard_error":181436.59571937498},"median_abs_dev":{"confidence_interval":{"confidence_level":0.95,"lower_bound":1592531.7965269089,"upper_bound":3836773.0286836624},"point_estimate":2589464.636027813,"standard_error":587017.2741150785},"slope":null,"std_dev":{"confidence_interval":{"confidence_level":0.95,"lower_bound":2476433.9751362195,"upper_bound":3134907.636828171},"point_estimate":2826851.6847970174,"standard_error":167760.35341561952}}