{"mean":{"confidence_interval":{"confidence_level":0.95,"lower_bound":274323417.57549995,"upper_bound":274648755.8335},"point_estimate":274476283.02,"standard_error":83166.35487684299},"median":{"confidence_interval":{"confidence_level":0.95,"lower_bound":274162403.0,"upper_bound":274379149.0},"point_estimate":274240335.0,"standard_error":51663.53753265431},"median_abs_dev":{"confidence_interval":{"confidence_level":0.95,"lower_bound":354698.7003028393,"upper_bound":650398.8172531128},"point_estimate":514930.6924581528,"standard_error":77477.90157027292},"slope":null,"std_dev":{"confidence_interval":{"confidence_level":0.95,"lower_bound":589646.5797738045,"upper_bound":1083535.5868840436},"point_estimate":833443.0369900946,"standard_error":127993.94325790876}}