{"mean":{"confidence_interval":{"confidence_level":0.95,"lower_bound":299094450.7675,"upper_bound":301265753.43025},"point_estimate":300129605.93,"standard_error":555135.9909883833},"median":{"confidence_interval":{"confidence_level":0.95,"lower_bound":297441130.5,"upper_bound":299011029.0},"point_estimate":298255045.5,"standard_error":405370.3893099187},"median_abs_dev":{"confidence_interval":{"confidence_level":0.95,"lower_bound":2061093.433508277,"upper_bound":3767791.358408332},"point_estimate":2736908.462110162,"standard_error":448339.127498477},"slope":null,"std_dev":{"confidence_interval":{"confidence_level":0.95,"lower_bound":4180809.560051662,"upper_bound":6834919.846985707},"point_estimate":5575013.622323979,"standard_error":678261.7950964551}}