{"mean":{"confidence_interval":{"confidence_level":0.95,"lower_bound":297331802.8415,"upper_bound":297614593.49875003},"point_estimate":297457103.15,"standard_error":72521.96351501919},"median":{"confidence_interval":{"confidence_level":0.95,"lower_bound":297228663.5,"upper_bound":297447232.0},"point_estimate":297297191.5,"standard_error":52064.41737652188},"median_abs_dev":{"confidence_interval":{"confidence_level":0.95,"lower_bound":266498.8278687,"upper_bound":422626.427321881},"point_estimate":319920.6114202738,"standard_error":39073.333344031926},"slope":null,"std_dev":{"confidence_interval":{"confidence_level":0.95,"lower_bound":332906.1602419648,"upper_bound":1068964.2913190108},"point_estimate":728100.0010975346,"standard_error":191403.98885931942}}