{"mean":{"confidence_interval":{"confidence_level":0.95,"lower_bound":345085264.628,"upper_bound":345728083.22125},"point_estimate":345379275.86,"standard_error":164557.73219247954},"median":{"confidence_interval":{"confidence_level":0.95,"lower_bound":345004910.5,"upper_bound":345511713.0},"point_estimate":345199603.0,"standard_error":123327.68150736853},"median_abs_dev":{"confidence_interval":{"confidence_level":0.95,"lower_bound":686774.407607317,"upper_bound":1219901.049542427},"point_estimate":976727.2257596254,"standard_error":142557.0256447553},"slope":null,"std_dev":{"confidence_interval":{"confidence_level":0.95,"lower_bound":960748.4220463334,"upper_bound":2377917.914741783},"point_estimate":1659658.8202623413,"standard_error":391857.26228955406}}