{"mean":{"confidence_interval":{"confidence_level":0.95,"lower_bound":377061546.52674997,"upper_bound":377149060.42424995},"point_estimate":377104873.29,"standard_error":22290.90772551437},"median":{"confidence_interval":{"confidence_level":0.95,"lower_bound":377027867.0,"upper_bound":377145037.0},"point_estimate":377076139.5,"standard_error":28399.645142688856},"median_abs_dev":{"confidence_interval":{"confidence_level":0.95,"lower_bound":167404.8108279705,"upper_bound":287446.4828968048},"point_estimate":220130.51369190216,"standard_error":30833.81803724832},"slope":null,"std_dev":{"confidence_interval":{"confidence_level":0.95,"lower_bound":191703.27592422007,"upper_bound":251524.0326791155},"point_estimate":223148.37727645942,"standard_error":15273.297796581975}}