{"mean":{"confidence_interval":{"confidence_level":0.95,"lower_bound":49102116.322625,"upper_bound":49195992.297874995},"point_estimate":49143945.9975,"standard_error":24084.52339280826},"median":{"confidence_interval":{"confidence_level":0.95,"lower_bound":49090140.5,"upper_bound":49119052.0},"point_estimate":49105862.625,"standard_error":8314.27034257677},"median_abs_dev":{"confidence_interval":{"confidence_level":0.95,"lower_bound":53438.64812627435,"upper_bound":87914.84258919954},"point_estimate":71745.05130127072,"standard_error":8197.526383457993},"slope":null,"std_dev":{"confidence_interval":{"confidence_level":0.95,"lower_bound":116226.88232437098,"upper_bound":344949.8504574601},"point_estimate":243219.41909883215,"standard_error":58279.31227677286}}