{"mean":{"confidence_interval":{"confidence_level":0.95,"lower_bound":-0.008687550621930997,"upper_bound":0.007069327094983978},"point_estimate":-0.0005799778831935276,"standard_error":0.0038811337135464387},"median":{"confidence_interval":{"confidence_level":0.95,"lower_bound":-0.02324988015446039,"upper_bound":-0.022234488702752686},"point_estimate":-0.02290045878906699,"standard_error":0.00031633792800342793}}