{"mean":{"confidence_interval":{"confidence_level":0.95,"lower_bound":0.004489803627398814,"upper_bound":0.007033594660386183},"point_estimate":0.005807603731099453,"standard_error":0.0006469250618142124},"median":{"confidence_interval":{"confidence_level":0.95,"lower_bound":0.006235943768257979,"upper_bound":0.008545680743904382},"point_estimate":0.007703922136749641,"standard_error":0.0006212880845426572}}