{"mean":{"confidence_interval":{"confidence_level":0.95,"lower_bound":-0.04404063238754089,"upper_bound":-0.03510104459269253},"point_estimate":-0.039482383339146776,"standard_error":0.0022860040985431566},"median":{"confidence_interval":{"confidence_level":0.95,"lower_bound":-0.03511035602215229,"upper_bound":-0.03117278078870367},"point_estimate":-0.032962038920435366,"standard_error":0.0010098377246514445}}