{"mean":{"confidence_interval":{"confidence_level":0.95,"lower_bound":323979653.398,"upper_bound":325767395.255},"point_estimate":324823727.42,"standard_error":456291.83602962596},"median":{"confidence_interval":{"confidence_level":0.95,"lower_bound":322898399.0,"upper_bound":323602631.0},"point_estimate":323073607.5,"standard_error":186328.73251651597},"median_abs_dev":{"confidence_interval":{"confidence_level":0.95,"lower_bound":1082160.0989878178,"upper_bound":2065391.4908319712},"point_estimate":1605662.4431937933,"standard_error":241151.2706935403},"slope":null,"std_dev":{"confidence_interval":{"confidence_level":0.95,"lower_bound":3265845.4107013764,"upper_bound":5728267.255215169},"point_estimate":4598730.307280928,"standard_error":629323.9715832296}}