{"mean":{"confidence_interval":{"confidence_level":0.95,"lower_bound":-0.02038046143680656,"upper_bound":-0.01675400878962598},"point_estimate":-0.01857743452610683,"standard_error":0.0009205612369081745},"median":{"confidence_interval":{"confidence_level":0.95,"lower_bound":-0.02077264587098082,"upper_bound":-0.016191706781313764},"point_estimate":-0.01908238030870868,"standard_error":0.0011698393926802542}}