{"mean":{"confidence_interval":{"confidence_level":0.95,"lower_bound":304813194.7235,"upper_bound":305177633.03424996},"point_estimate":305002923.78,"standard_error":92586.00362433452},"median":{"confidence_interval":{"confidence_level":0.95,"lower_bound":304910629.5,"upper_bound":305194017.0},"point_estimate":305107002.0,"standard_error":85075.93567431453},"median_abs_dev":{"confidence_interval":{"confidence_level":0.95,"lower_bound":453786.04564368725,"upper_bound":706768.7508523464},"point_estimate":616170.0316607952,"standard_error":64002.227616330645},"slope":null,"std_dev":{"confidence_interval":{"confidence_level":0.95,"lower_bound":559354.3350376445,"upper_bound":1262980.4537513566},"point_estimate":929545.2410677102,"standard_error":181367.9184295389}}