{"mean":{"confidence_interval":{"confidence_level":0.95,"lower_bound":380374822.9135,"upper_bound":380835739.87799996},"point_estimate":380556502.29,"standard_error":122662.01287684643},"median":{"confidence_interval":{"confidence_level":0.95,"lower_bound":380273927.0,"upper_bound":380447978.0},"point_estimate":380364750.0,"standard_error":48658.787145636656},"median_abs_dev":{"confidence_interval":{"confidence_level":0.95,"lower_bound":350350.04925504327,"upper_bound":602648.7199008465},"point_estimate":515468.13494861126,"standard_error":66735.89261508893},"slope":null,"std_dev":{"confidence_interval":{"confidence_level":0.95,"lower_bound":407246.1603495567,"upper_bound":2025871.9027062503},"point_estimate":1233216.129536521,"standard_error":550300.6991932379}}