{"mean":{"confidence_interval":{"confidence_level":0.95,"lower_bound":378949247.13475,"upper_bound":379081153.33625},"point_estimate":379013637.34,"standard_error":33561.331510707074},"median":{"confidence_interval":{"confidence_level":0.95,"lower_bound":378914906.0,"upper_bound":379046143.5},"point_estimate":378978461.5,"standard_error":38433.22349292041},"median_abs_dev":{"confidence_interval":{"confidence_level":0.95,"lower_bound":229256.65782988092,"upper_bound":380891.1083353311},"point_estimate":293480.66478967667,"standard_error":39267.97001887563},"slope":null,"std_dev":{"confidence_interval":{"confidence_level":0.95,"lower_bound":273210.8815830664,"upper_bound":400269.270294156},"point_estimate":336558.09883633413,"standard_error":32655.631722875783}}