{"mean":{"confidence_interval":{"confidence_level":0.95,"lower_bound":-0.002667630720840483,"upper_bound":0.006136193739379117},"point_estimate":0.0015040541706654587,"standard_error":0.002392569732536291},"median":{"confidence_interval":{"confidence_level":0.95,"lower_bound":-0.0061111708448406965,"upper_bound":0.001738326832823045},"point_estimate":-0.0021291768660592902,"standard_error":0.003027915034327743}}