{"mean":{"confidence_interval":{"confidence_level":0.95,"lower_bound":0.1262592383962315,"upper_bound":0.12723619500549888},"point_estimate":0.12674637261338084,"standard_error":0.0002509528983562594},"median":{"confidence_interval":{"confidence_level":0.95,"lower_bound":0.12626561428852764,"upper_bound":0.1268136981255754},"point_estimate":0.1266388261254796,"standard_error":0.00014025944792437164}}