{"mean":{"confidence_interval":{"confidence_level":0.95,"lower_bound":25204060.882625002,"upper_bound":26035242.037312496},"point_estimate":25615494.9825,"standard_error":211771.75678935484},"median":{"confidence_interval":{"confidence_level":0.95,"lower_bound":25112804.625,"upper_bound":26097294.375},"point_estimate":25829201.75,"standard_error":313748.77379476547},"median_abs_dev":{"confidence_interval":{"confidence_level":0.95,"lower_bound":1532800.2528123558,"upper_bound":2686300.4679836333},"point_estimate":2212886.6519384086,"standard_error":295362.11620693334},"slope":null,"std_dev":{"confidence_interval":{"confidence_level":0.95,"lower_bound":1792691.9976140922,"upper_bound":2448185.7008121754},"point_estimate":2126980.101001841,"standard_error":168055.6308709742}}