{"mean":{"confidence_interval":{"confidence_level":0.95,"lower_bound":104428437.47125,"upper_bound":105276655.19075},"point_estimate":104857024.385,"standard_error":216454.28354764526},"median":{"confidence_interval":{"confidence_level":0.95,"lower_bound":104385992.0,"upper_bound":105576849.25},"point_estimate":105027804.5,"standard_error":293709.45447185304},"median_abs_dev":{"confidence_interval":{"confidence_level":0.95,"lower_bound":1689477.0165620374,"upper_bound":2765705.001398921},"point_estimate":2168633.45194906,"standard_error":275879.82885596005},"slope":null,"std_dev":{"confidence_interval":{"confidence_level":0.95,"lower_bound":1879343.2027087363,"upper_bound":2427072.2300112485},"point_estimate":2168569.963581285,"standard_error":139701.3470862914}}