{"mean":{"confidence_interval":{"confidence_level":0.95,"lower_bound":116870952.30575001,"upper_bound":117050027.414125},"point_estimate":116948785.18,"standard_error":46128.037543535436},"median":{"confidence_interval":{"confidence_level":0.95,"lower_bound":116828118.5,"upper_bound":117001876.0},"point_estimate":116910414.75,"standard_error":37529.342995095954},"median_abs_dev":{"confidence_interval":{"confidence_level":0.95,"lower_bound":227752.18950659037,"upper_bound":330803.63652706146},"point_estimate":272292.0872658491,"standard_error":26155.239662973872},"slope":null,"std_dev":{"confidence_interval":{"confidence_level":0.95,"lower_bound":223406.3986695779,"upper_bound":715931.7420387588},"point_estimate":464241.3218991598,"standard_error":150590.17547964133}}