{"mean":{"confidence_interval":{"confidence_level":0.95,"lower_bound":-0.02357010560653173,"upper_bound":-0.016330346258164583},"point_estimate":-0.01962021671118508,"standard_error":0.0018518884786960256},"median":{"confidence_interval":{"confidence_level":0.95,"lower_bound":-0.017836211920212786,"upper_bound":-0.012429081374118023},"point_estimate":-0.015276569908230786,"standard_error":0.0012437156402585513}}