{"mean":{"confidence_interval":{"confidence_level":0.95,"lower_bound":0.03783057119999509,"upper_bound":0.03914945228402702},"point_estimate":0.03845901877250357,"standard_error":0.0003394145538062672},"median":{"confidence_interval":{"confidence_level":0.95,"lower_bound":0.03782929316171421,"upper_bound":0.0388626376030431},"point_estimate":0.03824350983180591,"standard_error":0.0002749368176694185}}