{"mean":{"confidence_interval":{"confidence_level":0.95,"lower_bound":58220426.70175,"upper_bound":58443625.9734375},"point_estimate":58336934.165,"standard_error":57083.64646192411},"median":{"confidence_interval":{"confidence_level":0.95,"lower_bound":58478688.375,"upper_bound":58533272.125},"point_estimate":58499580.5,"standard_error":13670.855140896383},"median_abs_dev":{"confidence_interval":{"confidence_level":0.95,"lower_bound":99755.25662899017,"upper_bound":165881.06870502234},"point_estimate":144685.0781813264,"standard_error":16757.256320934182},"slope":null,"std_dev":{"confidence_interval":{"confidence_level":0.95,"lower_bound":427193.94709835225,"upper_bound":686077.5614849514},"point_estimate":574101.1819316937,"standard_error":66151.59269579571}}