{"mean":{"confidence_interval":{"confidence_level":0.95,"lower_bound":56922533.4429375,"upper_bound":56961421.5975},"point_estimate":56941886.615,"standard_error":9962.917277165407},"median":{"confidence_interval":{"confidence_level":0.95,"lower_bound":56925347.0,"upper_bound":56968056.0},"point_estimate":56947881.125,"standard_error":11409.373172990023},"median_abs_dev":{"confidence_interval":{"confidence_level":0.95,"lower_bound":54407.527209073305,"upper_bound":92878.58730107546},"point_estimate":72471.15463837981,"standard_error":10077.750348840298},"slope":null,"std_dev":{"confidence_interval":{"confidence_level":0.95,"lower_bound":82985.32331753995,"upper_bound":115752.07896363352},"point_estimate":100339.00330884871,"standard_error":8374.078107463289}}