{"mean":{"confidence_interval":{"confidence_level":0.95,"lower_bound":0.002566946297320677,"upper_bound":0.004059842425878779},"point_estimate":0.0033741424708155776,"standard_error":0.0003804300421710845},"median":{"confidence_interval":{"confidence_level":0.95,"lower_bound":0.0035474492101053023,"upper_bound":0.005033668926930357},"point_estimate":0.004408708723193211,"standard_error":0.0003864044366076934}}