{"mean":{"confidence_interval":{"confidence_level":0.95,"lower_bound":-0.02535062279712016,"upper_bound":-0.018008809315682415},"point_estimate":-0.02159827566105299,"standard_error":0.001871286259581026},"median":{"confidence_interval":{"confidence_level":0.95,"lower_bound":-0.017473690226281757,"upper_bound":-0.011579326398514526},"point_estimate":-0.013808653554232442,"standard_error":0.0017202192889522027}}