{"mean":{"confidence_interval":{"confidence_level":0.95,"lower_bound":-0.007400034083319173,"upper_bound":0.002842171646225377},"point_estimate":-0.0017604565226623237,"standard_error":0.002626041802527045},"median":{"confidence_interval":{"confidence_level":0.95,"lower_bound":0.0025855840501400884,"upper_bound":0.005773844036563401},"point_estimate":0.004020624320644206,"standard_error":0.0007706197063985168}}