{"mean":{"confidence_interval":{"confidence_level":0.95,"lower_bound":-0.05056198410583458,"upper_bound":-0.03713608957269153},"point_estimate":-0.04341082200854163,"standard_error":0.0034330513521653536},"median":{"confidence_interval":{"confidence_level":0.95,"lower_bound":-0.04315811781586809,"upper_bound":-0.022622192359760773},"point_estimate":-0.039047221740381555,"standard_error":0.00471873531907932}}