{"mean":{"confidence_interval":{"confidence_level":0.95,"lower_bound":99824661.36187501,"upper_bound":100733481.886625},"point_estimate":100271772.67,"standard_error":231279.68419808891},"median":{"confidence_interval":{"confidence_level":0.95,"lower_bound":99822483.0,"upper_bound":100692726.0},"point_estimate":100291443.25,"standard_error":248352.27915736442},"median_abs_dev":{"confidence_interval":{"confidence_level":0.95,"lower_bound":1520101.9693627954,"upper_bound":3140904.352837801},"point_estimate":2596676.0022997856,"standard_error":419530.9246973854},"slope":null,"std_dev":{"confidence_interval":{"confidence_level":0.95,"lower_bound":1920834.3595274072,"upper_bound":2695357.3362115757},"point_estimate":2327356.4706377517,"standard_error":198009.30480311398}}