{"mean":{"confidence_interval":{"confidence_level":0.95,"lower_bound":114239806.912625,"upper_bound":114336213.252125},"point_estimate":114279559.1,"standard_error":25090.200428905064},"median":{"confidence_interval":{"confidence_level":0.95,"lower_bound":114224814.75,"upper_bound":114265874.0},"point_estimate":114242088.75,"standard_error":11666.31885707095},"median_abs_dev":{"confidence_interval":{"confidence_level":0.95,"lower_bound":58835.1267054677,"upper_bound":99310.84728688002},"point_estimate":78074.45591390133,"standard_error":10952.742983973005},"slope":null,"std_dev":{"confidence_interval":{"confidence_level":0.95,"lower_bound":90478.78303403425,"upper_bound":401745.1567485992},"point_estimate":251324.62693179116,"standard_error":95171.40024722356}}