{"mean":{"confidence_interval":{"confidence_level":0.95,"lower_bound":118808631.048875,"upper_bound":120335121.04425},"point_estimate":119548328.735,"standard_error":389233.8870278835},"median":{"confidence_interval":{"confidence_level":0.95,"lower_bound":117305338.25,"upper_bound":117635014.75},"point_estimate":117409899.25,"standard_error":97121.79909360858},"median_abs_dev":{"confidence_interval":{"confidence_level":0.95,"lower_bound":472273.4464767211,"upper_bound":1406034.0632379055},"point_estimate":950174.2308810353,"standard_error":239041.78342623595},"slope":null,"std_dev":{"confidence_interval":{"confidence_level":0.95,"lower_bound":3251553.8107628482,"upper_bound":4417491.886593617},"point_estimate":3911955.802084412,"standard_error":297484.9671108293}}