{"mean":{"confidence_interval":{"confidence_level":0.95,"lower_bound":120346068.18325,"upper_bound":122430373.987875},"point_estimate":121377930.465,"standard_error":532973.1139237541},"median":{"confidence_interval":{"confidence_level":0.95,"lower_bound":117805714.75,"upper_bound":124776512.0},"point_estimate":120805719.0,"standard_error":1847654.5573540204},"median_abs_dev":{"confidence_interval":{"confidence_level":0.95,"lower_bound":3442093.6942618764,"upper_bound":8379205.82343936},"point_estimate":7657204.469807446,"standard_error":1400163.5844076932},"slope":null,"std_dev":{"confidence_interval":{"confidence_level":0.95,"lower_bound":4962097.3477828475,"upper_bound":5713763.232196403},"point_estimate":5370491.769046033,"standard_error":192559.9761387461}}