{"mean":{"confidence_interval":{"confidence_level":0.95,"lower_bound":292689923.61575,"upper_bound":292930849.77375},"point_estimate":292783116.82,"standard_error":64878.141884149256},"median":{"confidence_interval":{"confidence_level":0.95,"lower_bound":292661383.0,"upper_bound":292753766.0},"point_estimate":292706878.0,"standard_error":21647.19836335008},"median_abs_dev":{"confidence_interval":{"confidence_level":0.95,"lower_bound":154589.21665549278,"upper_bound":276389.2522931099},"point_estimate":235811.9736135006,"standard_error":32886.94738882417},"slope":null,"std_dev":{"confidence_interval":{"confidence_level":0.95,"lower_bound":191082.56488621063,"upper_bound":1081455.7327539737},"point_estimate":651505.6515010487,"standard_error":304905.96527091693}}