{"mean":{"confidence_interval":{"confidence_level":0.95,"lower_bound":-0.3918072266289421,"upper_bound":-0.03527301709830752},"point_estimate":-0.19913987314746573,"standard_error":0.11098915151433743},"median":{"confidence_interval":{"confidence_level":0.95,"lower_bound":-0.033030486286286354,"upper_bound":-0.031743920301733376},"point_estimate":-0.032369628750900326,"standard_error":0.00031612303563397463}}