{"mean":{"confidence_interval":{"confidence_level":0.95,"lower_bound":0.024889206163363143,"upper_bound":0.026187743547094557},"point_estimate":0.025552686604821018,"standard_error":0.00032911950196946426},"median":{"confidence_interval":{"confidence_level":0.95,"lower_bound":0.024831615527394213,"upper_bound":0.02715103235445726},"point_estimate":0.02574324621118973,"standard_error":0.0006147534966317625}}