{"mean":{"confidence_interval":{"confidence_level":0.95,"lower_bound":94939952.16575003,"upper_bound":94968119.78958331},"point_estimate":94953932.94333333,"standard_error":7183.297423439837},"median":{"confidence_interval":{"confidence_level":0.95,"lower_bound":94931152.66666667,"upper_bound":94971830.33333333},"point_estimate":94942375.0,"standard_error":12361.614171498884},"median_abs_dev":{"confidence_interval":{"confidence_level":0.95,"lower_bound":53763.52284550667,"upper_bound":84842.03059374918},"point_estimate":75974.10595119368,"standard_error":8246.453653358909},"slope":null,"std_dev":{"confidence_interval":{"confidence_level":0.95,"lower_bound":61380.513115876216,"upper_bound":82207.70234589944},"point_estimate":72296.54873957961,"standard_error":5338.561806957493}}