{"mean":{"confidence_interval":{"confidence_level":0.95,"lower_bound":95067887.88608336,"upper_bound":95193222.39558329},"point_estimate":95133870.48666663,"standard_error":32044.72847598603},"median":{"confidence_interval":{"confidence_level":0.95,"lower_bound":95155669.33333333,"upper_bound":95212309.0},"point_estimate":95181963.0,"standard_error":12993.32429971132},"median_abs_dev":{"confidence_interval":{"confidence_level":0.95,"lower_bound":80547.40178251921,"upper_bound":127856.95073007801},"point_estimate":110666.94533527266,"standard_error":11855.924575378844},"slope":null,"std_dev":{"confidence_interval":{"confidence_level":0.95,"lower_bound":211365.81780213944,"upper_bound":407969.73840589036},"point_estimate":322034.4273094434,"standard_error":49754.03056431895}}