{"mean":{"confidence_interval":{"confidence_level":0.95,"lower_bound":76954163.69416668,"upper_bound":77205658.67066665},"point_estimate":77077777.03,"standard_error":64076.673786385116},"median":{"confidence_interval":{"confidence_level":0.95,"lower_bound":76788213.66666667,"upper_bound":77157129.33333333},"point_estimate":76892717.66666666,"standard_error":85925.5451405499},"median_abs_dev":{"confidence_interval":{"confidence_level":0.95,"lower_bound":409990.7837212086,"upper_bound":740977.5213450083},"point_estimate":543407.9785525762,"standard_error":85004.29572684856},"slope":null,"std_dev":{"confidence_interval":{"confidence_level":0.95,"lower_bound":540550.9934539405,"upper_bound":733288.9221951308},"point_estimate":643091.9642062108,"standard_error":49238.460511184465}}