{"mean":{"confidence_interval":{"confidence_level":0.95,"lower_bound":135043010.0685,"upper_bound":135642579.44550002},"point_estimate":135348509.22,"standard_error":153109.0786002726},"median":{"confidence_interval":{"confidence_level":0.95,"lower_bound":135348064.0,"upper_bound":135827248.5},"point_estimate":135554468.5,"standard_error":121480.72110306141},"median_abs_dev":{"confidence_interval":{"confidence_level":0.95,"lower_bound":787529.6779185534,"upper_bound":1760148.6191511154},"point_estimate":1193384.378363192,"standard_error":246634.65720878006},"slope":null,"std_dev":{"confidence_interval":{"confidence_level":0.95,"lower_bound":1253261.5811452044,"upper_bound":1804223.3894177384},"point_estimate":1539669.6789900598,"standard_error":140033.68879231738}}