{"mean":{"confidence_interval":{"confidence_level":0.95,"lower_bound":135467425.822125,"upper_bound":135764246.347},"point_estimate":135620065.84,"standard_error":75601.1327257788},"median":{"confidence_interval":{"confidence_level":0.95,"lower_bound":135699532.25,"upper_bound":135852647.0},"point_estimate":135775823.25,"standard_error":39079.26207842284},"median_abs_dev":{"confidence_interval":{"confidence_level":0.95,"lower_bound":319308.66828113794,"upper_bound":516680.5310770869},"point_estimate":405919.9348434806,"standard_error":52213.75072805605},"slope":null,"std_dev":{"confidence_interval":{"confidence_level":0.95,"lower_bound":575794.536768311,"upper_bound":935780.4434491313},"point_estimate":760954.0859570949,"standard_error":91962.47935169112}}