{"mean":{"confidence_interval":{"confidence_level":0.95,"lower_bound":439816780.98974997,"upper_bound":440185705.40325},"point_estimate":439985655.45,"standard_error":94179.73749674567},"median":{"confidence_interval":{"confidence_level":0.95,"lower_bound":439957025.5,"upper_bound":440099336.0},"point_estimate":440059898.5,"standard_error":37811.876756594174},"median_abs_dev":{"confidence_interval":{"confidence_level":0.95,"lower_bound":189677.91023254395,"upper_bound":362356.3291668892},"point_estimate":263625.5491197109,"standard_error":45292.283877204376},"slope":null,"std_dev":{"confidence_interval":{"confidence_level":0.95,"lower_bound":502646.8611820189,"upper_bound":1340889.019048764},"point_estimate":943270.9603842201,"standard_error":218961.25721169094}}