{"mean":{"confidence_interval":{"confidence_level":0.95,"lower_bound":-0.0015467038031004323,"upper_bound":0.0007473219609435864},"point_estimate":-0.0003738061056275388,"standard_error":0.0005866653718843985},"median":{"confidence_interval":{"confidence_level":0.95,"lower_bound":-0.0006909737867240029,"upper_bound":0.0005865458598490747},"point_estimate":-0.00012708859100052372,"standard_error":0.0003539244273204652}}