{"mean":{"confidence_interval":{"confidence_level":0.95,"lower_bound":-0.029190683047387894,"upper_bound":-0.018906242661578566},"point_estimate":-0.02382614340952982,"standard_error":0.0026169971596364363},"median":{"confidence_interval":{"confidence_level":0.95,"lower_bound":-0.020029884321803304,"upper_bound":-0.014114150740475728},"point_estimate":-0.016297671047750817,"standard_error":0.0014970586651152642}}