{"mean":{"confidence_interval":{"confidence_level":0.95,"lower_bound":88280892.76200002,"upper_bound":88452262.44200003},"point_estimate":88368282.93000004,"standard_error":43749.85102577138},"median":{"confidence_interval":{"confidence_level":0.95,"lower_bound":88236312.83333333,"upper_bound":88360344.66666667},"point_estimate":88288179.0,"standard_error":32031.650794596295},"median_abs_dev":{"confidence_interval":{"confidence_level":0.95,"lower_bound":173051.2928277254,"upper_bound":555160.5485439263},"point_estimate":266468.18746924767,"standard_error":108247.5716041378},"slope":null,"std_dev":{"confidence_interval":{"confidence_level":0.95,"lower_bound":359110.87426822167,"upper_bound":516807.2256962176},"point_estimate":440101.7303330623,"standard_error":40515.296514291964}}