{"mean":{"confidence_interval":{"confidence_level":0.95,"lower_bound":87602559.36758332,"upper_bound":87701692.40283334},"point_estimate":87651039.9066667,"standard_error":25305.760622153994},"median":{"confidence_interval":{"confidence_level":0.95,"lower_bound":87599099.83333334,"upper_bound":87715882.66666667},"point_estimate":87655043.16666667,"standard_error":31100.627794662516},"median_abs_dev":{"confidence_interval":{"confidence_level":0.95,"lower_bound":152864.45868612072,"upper_bound":282196.10219001403},"point_estimate":220587.40158379814,"standard_error":32455.152354578157},"slope":null,"std_dev":{"confidence_interval":{"confidence_level":0.95,"lower_bound":207051.5499585911,"upper_bound":300694.6381827087},"point_estimate":255268.6983413669,"standard_error":24060.00963511486}}