{"mean":{"confidence_interval":{"confidence_level":0.95,"lower_bound":89282991.12441665,"upper_bound":89365021.93974997},"point_estimate":89322206.78666662,"standard_error":20969.061133804942},"median":{"confidence_interval":{"confidence_level":0.95,"lower_bound":89275752.66666667,"upper_bound":89344840.33333333},"point_estimate":89315872.5,"standard_error":17095.000340654144},"median_abs_dev":{"confidence_interval":{"confidence_level":0.95,"lower_bound":94120.88252902767,"upper_bound":197906.01885645094},"point_estimate":155590.46583772075,"standard_error":27001.901915774306},"slope":null,"std_dev":{"confidence_interval":{"confidence_level":0.95,"lower_bound":155893.19939266396,"upper_bound":274259.8145560694},"point_estimate":211380.04588816912,"standard_error":31861.08360796024}}