{"mean":{"confidence_interval":{"confidence_level":0.95,"lower_bound":155321408.58875,"upper_bound":155505092.73387498},"point_estimate":155407032.265,"standard_error":47037.6463798186},"median":{"confidence_interval":{"confidence_level":0.95,"lower_bound":155253358.0,"upper_bound":155376695.5},"point_estimate":155305228.0,"standard_error":28405.756149342404},"median_abs_dev":{"confidence_interval":{"confidence_level":0.95,"lower_bound":192758.38232785463,"upper_bound":295652.05291237665},"point_estimate":234681.49113357067,"standard_error":25833.301485614098},"slope":null,"std_dev":{"confidence_interval":{"confidence_level":0.95,"lower_bound":298800.9570514652,"upper_bound":622582.5687157343},"point_estimate":472245.1075992385,"standard_error":83139.8318243492}}