{"mean":{"confidence_interval":{"confidence_level":0.95,"lower_bound":123838300.5355,"upper_bound":124431774.461125},"point_estimate":124116421.51,"standard_error":151608.11604595903},"median":{"confidence_interval":{"confidence_level":0.95,"lower_bound":123687876.5,"upper_bound":124067517.5},"point_estimate":123840865.0,"standard_error":96457.51649627877},"median_abs_dev":{"confidence_interval":{"confidence_level":0.95,"lower_bound":594924.7446879745,"upper_bound":977717.5654770426},"point_estimate":788875.8786946535,"standard_error":96547.96265646357},"slope":null,"std_dev":{"confidence_interval":{"confidence_level":0.95,"lower_bound":1032349.7547531476,"upper_bound":1987597.1237820687},"point_estimate":1523115.5188908258,"standard_error":247506.5987622288}}