{"mean":{"confidence_interval":{"confidence_level":0.95,"lower_bound":90079313.4795,"upper_bound":90746598.75858329},"point_estimate":90412438.83999996,"standard_error":169533.21071744524},"median":{"confidence_interval":{"confidence_level":0.95,"lower_bound":89847699.0,"upper_bound":91716465.33333333},"point_estimate":90168951.83333333,"standard_error":403219.5867732663},"median_abs_dev":{"confidence_interval":{"confidence_level":0.95,"lower_bound":1402118.7638074013,"upper_bound":2744375.823977597},"point_estimate":2481261.524748791,"standard_error":301095.3330153001},"slope":null,"std_dev":{"confidence_interval":{"confidence_level":0.95,"lower_bound":1549571.9505751764,"upper_bound":1853607.6056563978},"point_estimate":1706487.5876910102,"standard_error":77274.44958178623}}