{"mean":{"confidence_interval":{"confidence_level":0.95,"lower_bound":29784322.82807143,"upper_bound":29794996.389357135},"point_estimate":29789726.905714277,"standard_error":2720.490130655123},"median":{"confidence_interval":{"confidence_level":0.95,"lower_bound":29783933.0,"upper_bound":29797396.285714287},"point_estimate":29789420.0,"standard_error":3222.592333545569},"median_abs_dev":{"confidence_interval":{"confidence_level":0.95,"lower_bound":19575.508752465248,"upper_bound":32343.16993829787},"point_estimate":25618.16264518709,"standard_error":3277.832441148388},"slope":null,"std_dev":{"confidence_interval":{"confidence_level":0.95,"lower_bound":22915.940284167657,"upper_bound":31435.574234270043},"point_estimate":27342.764447651338,"standard_error":2179.0441988087055}}