{"mean":{"confidence_interval":{"confidence_level":0.95,"lower_bound":31826742.513214298,"upper_bound":32196543.822285708},"point_estimate":32009480.98428571,"standard_error":94534.44278378766},"median":{"confidence_interval":{"confidence_level":0.95,"lower_bound":31475086.714285713,"upper_bound":31795057.285714287},"point_estimate":31615291.92857143,"standard_error":87426.06404354368},"median_abs_dev":{"confidence_interval":{"confidence_level":0.95,"lower_bound":458544.3443592086,"upper_bound":1139269.7440739225},"point_estimate":704104.4127996487,"standard_error":176631.87185844677},"slope":null,"std_dev":{"confidence_interval":{"confidence_level":0.95,"lower_bound":863542.0922227114,"upper_bound":1020616.1358730744},"point_estimate":951044.5903285431,"standard_error":39864.27916005796}}