{"mean":{"confidence_interval":{"confidence_level":0.95,"lower_bound":31194699.603357144,"upper_bound":31206308.615107145},"point_estimate":31200221.102857124,"standard_error":2969.739180214918},"median":{"confidence_interval":{"confidence_level":0.95,"lower_bound":31191276.14285714,"upper_bound":31203194.42857143},"point_estimate":31197524.07142857,"standard_error":3178.288444754338},"median_abs_dev":{"confidence_interval":{"confidence_level":0.95,"lower_bound":17300.35319285812,"upper_bound":28843.79186792727},"point_estimate":23377.63638496399,"standard_error":3070.9666413223604},"slope":null,"std_dev":{"confidence_interval":{"confidence_level":0.95,"lower_bound":21599.418483984293,"upper_bound":39548.46998139429},"point_estimate":29899.357188662474,"standard_error":4971.34958773276}}