{"mean":{"confidence_interval":{"confidence_level":0.95,"lower_bound":-0.0007607005906445372,"upper_bound":0.020642789472431977},"point_estimate":0.009340641065082478,"standard_error":0.005427881025710143},"median":{"confidence_interval":{"confidence_level":0.95,"lower_bound":-0.0026821727622737823,"upper_bound":0.06451063872621976},"point_estimate":0.039697781532937126,"standard_error":0.01969734989388009}}