{"mean":{"confidence_interval":{"confidence_level":0.95,"lower_bound":-0.026659975703789078,"upper_bound":-0.016734199155325365},"point_estimate":-0.021415672614068293,"standard_error":0.0025398998193167754},"median":{"confidence_interval":{"confidence_level":0.95,"lower_bound":-0.013658012280278853,"upper_bound":-0.01201179763290905},"point_estimate":-0.012669795049995547,"standard_error":0.00045997677201232333}}