{"mean":{"confidence_interval":{"confidence_level":0.95,"lower_bound":340288564.66,"upper_bound":345143703.42775},"point_estimate":342733218.36,"standard_error":1240517.58669564},"median":{"confidence_interval":{"confidence_level":0.95,"lower_bound":332727450.0,"upper_bound":350452450.5},"point_estimate":347601187.0,"standard_error":4575135.791439318},"median_abs_dev":{"confidence_interval":{"confidence_level":0.95,"lower_bound":8717991.778224707,"upper_bound":19339635.992252827},"point_estimate":14065289.551091194,"standard_error":2777918.177964706},"slope":null,"std_dev":{"confidence_interval":{"confidence_level":0.95,"lower_bound":11693868.953725707,"upper_bound":13022101.575814955},"point_estimate":12449249.958090723,"standard_error":338846.0718308447}}