{"mean":{"confidence_interval":{"confidence_level":0.95,"lower_bound":292940751.30224997,"upper_bound":293337141.4005},"point_estimate":293121404.62,"standard_error":101064.65075402576},"median":{"confidence_interval":{"confidence_level":0.95,"lower_bound":292856207.0,"upper_bound":293348116.0},"point_estimate":293107314.0,"standard_error":100300.05600540806},"median_abs_dev":{"confidence_interval":{"confidence_level":0.95,"lower_bound":604483.4373682737,"upper_bound":947524.0278305856},"point_estimate":781323.5144287348,"standard_error":88527.60505503239},"slope":null,"std_dev":{"confidence_interval":{"confidence_level":0.95,"lower_bound":607532.5744669016,"upper_bound":1468594.7412065458},"point_estimate":1018282.1480603397,"standard_error":245519.79561900385}}