{"mean":{"confidence_interval":{"confidence_level":0.95,"lower_bound":82365564.5401667,"upper_bound":82893616.23908332},"point_estimate":82619433.00999999,"standard_error":134930.2357920553},"median":{"confidence_interval":{"confidence_level":0.95,"lower_bound":81927442.5,"upper_bound":82180297.99999999},"point_estimate":82018075.5,"standard_error":60671.883245667574},"median_abs_dev":{"confidence_interval":{"confidence_level":0.95,"lower_bound":353067.84033179283,"upper_bound":786284.0468406714},"point_estimate":465470.6631362512,"standard_error":106544.0437137801},"slope":null,"std_dev":{"confidence_interval":{"confidence_level":0.95,"lower_bound":1076159.3726594308,"upper_bound":1587103.1577681093},"point_estimate":1356159.2667762248,"standard_error":130558.9448571427}}