{"mean":{"confidence_interval":{"confidence_level":0.95,"lower_bound":220911136.18600002,"upper_bound":221138962.22800002},"point_estimate":221022769.43,"standard_error":58150.14487981538},"median":{"confidence_interval":{"confidence_level":0.95,"lower_bound":220848676.0,"upper_bound":221050615.0},"point_estimate":220932009.5,"standard_error":53819.025904165},"median_abs_dev":{"confidence_interval":{"confidence_level":0.95,"lower_bound":396783.7831556797,"upper_bound":641336.4249140024},"point_estimate":538888.0254328251,"standard_error":63763.49985285404},"slope":null,"std_dev":{"confidence_interval":{"confidence_level":0.95,"lower_bound":475473.48028294824,"upper_bound":680620.4188695734},"point_estimate":583770.3210892375,"standard_error":52740.84191119661}}