{"mean":{"confidence_interval":{"confidence_level":0.95,"lower_bound":0.004093965066678929,"upper_bound":0.00789057840923139},"point_estimate":0.005996049794563474,"standard_error":0.0009681669236578223},"median":{"confidence_interval":{"confidence_level":0.95,"lower_bound":-0.001884553654222909,"upper_bound":0.011099596841979142},"point_estimate":-0.00026466136177172306,"standard_error":0.003695379857473879}}