{"mean":{"confidence_interval":{"confidence_level":0.95,"lower_bound":-0.0024675483838310056,"upper_bound":0.0010705852028146444},"point_estimate":-0.0006673092989522011,"standard_error":0.0008880236082265327},"median":{"confidence_interval":{"confidence_level":0.95,"lower_bound":-0.003081547670628733,"upper_bound":0.001820974929503727},"point_estimate":-0.0005664156430233991,"standard_error":0.0012045627668890461}}