{"mean":{"confidence_interval":{"confidence_level":0.95,"lower_bound":0.004817994252744373,"upper_bound":0.006128288509663648},"point_estimate":0.005499335659464366,"standard_error":0.00033420895267839663},"median":{"confidence_interval":{"confidence_level":0.95,"lower_bound":0.005223940603317767,"upper_bound":0.006293414818543397},"point_estimate":0.005702527988793005,"standard_error":0.0002788488575659651}}