{"mean":{"confidence_interval":{"confidence_level":0.95,"lower_bound":284770582.481,"upper_bound":285020454.63425004},"point_estimate":284890936.09,"standard_error":63929.35482947147},"median":{"confidence_interval":{"confidence_level":0.95,"lower_bound":284622400.0,"upper_bound":284821114.0},"point_estimate":284736971.0,"standard_error":58663.56397499757},"median_abs_dev":{"confidence_interval":{"confidence_level":0.95,"lower_bound":282451.60358548164,"upper_bound":571247.252458334},"point_estimate":414206.55674636364,"standard_error":75936.70291360501},"slope":null,"std_dev":{"confidence_interval":{"confidence_level":0.95,"lower_bound":499421.69089497736,"upper_bound":776470.9558116542},"point_estimate":642538.9063901047,"standard_error":71090.14826499761}}