{"mean":{"confidence_interval":{"confidence_level":0.95,"lower_bound":291517611.18125,"upper_bound":292331861.47824997},"point_estimate":291846725.61,"standard_error":213643.29871516296},"median":{"confidence_interval":{"confidence_level":0.95,"lower_bound":291386360.5,"upper_bound":291760630.0},"point_estimate":291550185.0,"standard_error":87549.15066583676},"median_abs_dev":{"confidence_interval":{"confidence_level":0.95,"lower_bound":589294.9419379234,"upper_bound":862492.8977876902},"point_estimate":744440.1335835457,"standard_error":68615.10363012235},"slope":null,"std_dev":{"confidence_interval":{"confidence_level":0.95,"lower_bound":617929.8283184669,"upper_bound":3472770.6375699765},"point_estimate":2139863.6554438015,"standard_error":869679.9421269108}}