{"mean":{"confidence_interval":{"confidence_level":0.95,"lower_bound":46316762.880150005,"upper_bound":46452433.66265},"point_estimate":46379512.88800001,"standard_error":34774.38917812598},"median":{"confidence_interval":{"confidence_level":0.95,"lower_bound":46245346.0,"upper_bound":46277172.099999994},"point_estimate":46264596.4,"standard_error":8206.934359241755},"median_abs_dev":{"confidence_interval":{"confidence_level":0.95,"lower_bound":65709.90201191603,"upper_bound":135401.25953615597},"point_estimate":96595.39130508789,"standard_error":17211.445360330035},"slope":null,"std_dev":{"confidence_interval":{"confidence_level":0.95,"lower_bound":225885.4945072643,"upper_bound":448713.0960066057},"point_estimate":348796.99831050343,"standard_error":56894.84125538967}}