{"mean":{"confidence_interval":{"confidence_level":0.95,"lower_bound":468968865.1875,"upper_bound":472921164.16},"point_estimate":470970267.82,"standard_error":1010011.5897379153},"median":{"confidence_interval":{"confidence_level":0.95,"lower_bound":466620862.0,"upper_bound":469335297.5},"point_estimate":467758668.0,"standard_error":767854.1931782915},"median_abs_dev":{"confidence_interval":{"confidence_level":0.95,"lower_bound":2165252.7533590794,"upper_bound":6190742.226192355},"point_estimate":3564254.8449218273,"standard_error":1105018.7011979814},"slope":null,"std_dev":{"confidence_interval":{"confidence_level":0.95,"lower_bound":8023533.21747845,"upper_bound":12203371.905963492},"point_estimate":10168362.850720823,"standard_error":1072682.2177249028}}